Time;ActivePower;RotorRPM;WindSpeed
2020-03-21 00:00:00+00:00;581.0048041;119.0767036;6.633105641
2020-03-21 00:10:00+00:00;500.8938637;102.6688884;6.178652468
2020-03-21 00:20:00+00:00;587.8291959;118.3679379;6.452582259
2020-03-21 00:30:00+00:00;733.7949453;149.5092842;7.079410216
2020-03-21 00:40:00+00:00;651.651945;131.6726511;6.493911033
2020-03-21 00:50:00+00:00;613.8020668;125.0969308;6.462889363
2020-03-21 01:00:00+00:00;569.9724658;115.7971259;6.618041542
2020-03-21 01:10:00+00:00;536.965064;110.562761;6.21263988
2020-03-21 01:20:00+00:00;516.147905;105.7289777;6.51203555
2020-03-21 01:30:00+00:00;433.3907065;89.06601741;6.014017529
2020-03-21 01:40:00+00:00;325.1885142;66.83427342;5.589258167
2020-03-21 01:50:00+00:00;224.5563975;47.26868331;4.901649819
2020-03-21 02:00:00+00:00;119.0675304;25.74964731;3.8581061
2020-03-21 02:10:00+00:00;73.75988664;14.25008418;3.71828658
2020-03-21 02:20:00+00:00;87.48090863;18.88809129;3.753973547
2020-03-21 02:30:00+00:00;135.9746819;27.29807856;4.28546235
2020-03-21 02:40:00+00:00;108.9635962;23.42011157;3.773766561
2020-03-21 02:50:00+00:00;35.06444485;7.142661368;3.274688065
2020-03-21 03:00:00+00:00;-5.379815247;-8.131939;2.778536721
2020-03-21 03:10:00+00:00;-6.031308133;-9.458855361;2.956327683
2020-03-21 03:20:00+00:00;-5.686183872;-9.888434056;2.361755444
2020-03-21 03:30:00+00:00;-6.434379806;-12.59686779;2.493935153
2020-03-21 03:40:00+00:00;-5.923945383;-10.16832722;2.703644289
2020-03-21 03:50:00+00:00;-5.9368058;-11.24105763;2.781752516
2020-03-21 04:00:00+00:00;-5.582506432;-10.663622;2.818341979
2020-03-21 04:10:00+00:00;-5.630847894;-12.08024032;2.596023365
2020-03-21 04:20:00+00:00;-6.711957584;-13.12923295;3.044994568
2020-03-21 04:30:00+00:00;-5.61917365;-10.47431436;3.082688711
2020-03-21 04:40:00+00:00;16.42159332;-2.526623057;3.232015611
2020-03-21 04:50:00+00:00;-8.085364665;-15.16562924;2.737605782
2020-03-21 05:00:00+00:00;-8.213989621;-14.77793645;2.408799884
2020-03-21 05:10:00+00:00;-8.458491435;-14.85224768;2.553382224
2020-03-21 05:20:00+00:00;-8.205590705;-13.821856;2.363620942
2020-03-21 05:30:00+00:00;-8.414324435;-14.29015711;2.270799906
2020-03-21 05:40:00+00:00;-6.342224653;-14.38200593;1.91323992
2020-03-21 05:50:00+00:00;-5.931049228;-12.43448183;1.9437999
2020-03-21 06:00:00+00:00;-5.787938672;-10.80733289;2.207299922
2020-03-21 06:10:00+00:00;-5.322226724;-9.931615618;1.746364641
2020-03-21 06:20:00+00:00;-6.603589;-12.56006891;2.603341076
2020-03-21 06:30:00+00:00;-6.043336329;-10.92062971;2.648158741
2020-03-21 06:40:00+00:00;-6.347300437;-10.85096089;2.771252511
2020-03-21 06:50:00+00:00;-6.296247147;-13.75336174;2.379173584
2020-03-21 07:00:00+00:00;-5.861705793;-12.1360255;2.573521329
2020-03-21 07:10:00+00:00;-5.6929988;-11.43989444;2.008129294
2020-03-21 07:20:00+00:00;-5.854542505;-10.64261258;2.431905158
2020-03-21 07:30:00+00:00;-5.409270568;-10.15233034;2.173378863
2020-03-21 07:40:00+00:00;-5.690511125;-11.28438519;2.554156113
2020-03-21 07:50:00+00:00;-5.495443863;-10.07878161;2.178263011
2020-03-21 08:00:00+00:00;-6.756942656;-14.76260422;3.379383239
2020-03-21 08:10:00+00:00;-5.181180337;-9.770138526;2.382805137
2020-03-21 08:20:00+00:00;13.68836608;-6.346034543;2.830711641
2020-03-21 08:30:00+00:00;5.193321205;-7.970378511;2.790710426
2020-03-21 08:40:00+00:00;-8.277218158;-13.35856553;2.939410405
2020-03-21 08:50:00+00:00;-8.811750117;-15.28512878;2.732105428
2020-03-21 09:00:00+00:00;28.694507;-0.458135032;3.219599842
2020-03-21 09:10:00+00:00;-8.344878889;-13.22674297;2.358816539
2020-03-21 09:20:00+00:00;-8.650796406;-14.45229215;3.027399847
2020-03-21 09:30:00+00:00;-5.232859016;-9.086178053;2.454378821
2020-03-21 09:40:00+00:00;-6.594411378;-12.23148317;2.775860967
2020-03-21 09:50:00+00:00;-6.665800994;-12.67360483;2.840794339
2020-03-21 10:00:00+00:00;-38.52465939;-9.927745879;2.676426189
2020-03-21 10:10:00+00:00;-8.393700795;-15.29151134;2.605936747
2020-03-21 10:20:00+00:00;-8.034316079;-13.10930634;2.971342011
2020-03-21 10:30:00+00:00;-8.938571106;-14.17491397;3.195522083
2020-03-21 10:40:00+00:00;40.90741139;6.671972956;3.28646095
2020-03-21 10:50:00+00:00;31.51955847;7.770819611;2.975341947
2020-03-21 11:00:00+00:00;168.0630673;32.91019745;4.086211011
2020-03-21 11:10:00+00:00;84.84241094;17.28896719;3.491122044
2020-03-21 11:20:00+00:00;120.9486926;24.89966007;3.580073505
2020-03-21 11:30:00+00:00;12.31560819;-3.646786489;2.792972117
2020-03-21 11:40:00+00:00;122.9128637;26.45433003;3.996722039
2020-03-21 11:50:00+00:00;143.6034797;30.39813518;4.069146876
2020-03-21 12:00:00+00:00;112.6037377;21.95939622;3.848294333
2020-03-21 12:10:00+00:00;123.9735997;24.83002433;4.108383183
2020-03-21 12:20:00+00:00;79.65383117;17.0615181;3.641155411
2020-03-21 12:30:00+00:00;126.1585072;25.0715665;4.095744339
2020-03-21 12:40:00+00:00;110.6233489;22.79566594;4.029338689
2020-03-21 12:50:00+00:00;114.8649921;23.58725418;3.798747184
2020-03-21 13:00:00+00:00;163.7835417;32.64834622;4.197049872
2020-03-21 13:10:00+00:00;151.1178038;31.38771476;4.341158647
2020-03-21 13:20:00+00:00;200.2936122;39.40117989;4.452377544
2020-03-21 13:30:00+00:00;189.4971216;39.46496916;4.448889242
2020-03-21 13:40:00+00:00;195.8719684;39.41776838;4.491205981
2020-03-21 13:50:00+00:00;194.205585;39.10169058;4.529820789
2020-03-21 14:00:00+00:00;288.4352365;58.67010718;4.988029288
2020-03-21 14:10:00+00:00;362.2125306;73.15907122;5.60024985
2020-03-21 14:20:00+00:00;310.8828721;63.20447089;5.229473447
2020-03-21 14:30:00+00:00;740.2855206;75.24898179;6.277616489
2020-03-21 14:40:00+00:00;1656.384306;-31.94453072;9.056110444
2020-03-21 14:50:00+00:00;1716.898963;-43.87788153;9.131094105
2020-03-21 15:00:00+00:00;1686.030956;-49.67170489;9.925132806
2020-03-21 15:10:00+00:00;1718.70245;-48.28605778;9.919982806
2020-03-21 15:20:00+00:00;1714.155368;-38.808765;9.526841421
2020-03-21 15:30:00+00:00;1607.372561;270.0228714;8.842388361
2020-03-21 15:40:00+00:00;1385.581228;281.7648028;8.110416172
2020-03-21 15:50:00+00:00;1088.966204;224.0413612;7.381711447
2020-03-21 16:00:00+00:00;1267.496272;254.5326626;7.969836484
2020-03-21 16:10:00+00:00;1207.433589;243.9965389;7.952915363
2020-03-21 16:20:00+00:00;835.6038906;171.4188261;7.323594183
2020-03-21 16:30:00+00:00;577.85251;117.9398128;6.503420868
2020-03-21 16:40:00+00:00;696.3139317;140.3889486;6.771277583
2020-03-21 16:50:00+00:00;631.1980989;127.1403864;6.637877611
2020-03-21 17:00:00+00:00;693.4939824;139.0095194;6.536399812
2020-03-21 17:10:00+00:00;565.8085567;114.0602122;6.344879853
2020-03-21 17:20:00+00:00;452.7666142;92.65570495;5.380326153
2020-03-21 17:30:00+00:00;542.1632406;106.9020192;6.121199817
2020-03-21 17:40:00+00:00;626.0048005;128.8980023;6.271199879
2020-03-21 17:50:00+00:00;517.0535784;105.5100378;5.933689247
2020-03-21 18:00:00+00:00;478.4252467;97.46915794;5.985288661
2020-03-21 18:10:00+00:00;474.1852811;96.091812;5.81235535
2020-03-21 18:20:00+00:00;436.1308767;87.561716;5.571172089
2020-03-21 18:30:00+00:00;710.4128506;142.2174453;6.744294272
2020-03-21 18:40:00+00:00;634.3052674;129.8387179;6.323952484
2020-03-21 18:50:00+00:00;476.9516428;96.86302728;5.483844228
2020-03-21 19:00:00+00:00;425.75699;87.92479447;5.642736768
2020-03-21 19:10:00+00:00;524.9905426;105.6067165;5.886699821
2020-03-21 19:20:00+00:00;446.4083511;92.42455394;5.775510989
2020-03-21 19:30:00+00:00;332.45589;67.53447295;5.203826116
2020-03-21 19:40:00+00:00;331.6718928;66.83727917;5.310984037
2020-03-21 19:50:00+00:00;460.0009029;90.88802306;5.671818544
2020-03-21 20:00:00+00:00;359.7833267;73.301383;5.682999833
2020-03-21 20:10:00+00:00;258.2336158;51.56977605;5.011241937
2020-03-21 20:20:00+00:00;261.6643056;52.68936611;5.070955328
2020-03-21 20:30:00+00:00;263.1854095;52.9039648;5.064379795
2020-03-21 20:40:00+00:00;232.5287716;47.88448947;4.813031374
2020-03-21 20:50:00+00:00;204.6557472;40.8910435;4.581177583
2020-03-21 21:00:00+00:00;173.3799422;34.46997983;4.723149739
2020-03-21 21:10:00+00:00;160.9276158;31.99910726;4.461520863
2020-03-21 21:20:00+00:00;173.348525;34.01727633;4.567316506
2020-03-21 21:30:00+00:00;224.0880042;44.606568;4.877531347
2020-03-21 21:40:00+00:00;332.8281763;66.51815774;5.253168221
2020-03-21 21:50:00+00:00;204.3018159;42.39909;4.810620874
2020-03-21 22:00:00+00:00;83.79671026;17.47332516;3.738836642
2020-03-21 22:10:00+00:00;73.07733011;14.33484925;3.555544283
2020-03-21 22:20:00+00:00;25.54075985;6.192528823;3.092326195
2020-03-21 22:30:00+00:00;-7.232491337;-10.06134487;2.914678803
2020-03-21 22:40:00+00:00;-6.020745767;-11.29673944;2.844644322
2020-03-21 22:50:00+00:00;-5.648210605;-11.10279718;2.636136742
2020-03-21 23:00:00+00:00;-6.122477772;-11.20544244;2.480655444
2020-03-21 23:10:00+00:00;-5.783408884;-11.09317379;2.911478795
2020-03-21 23:20:00+00:00;-5.773696129;-11.34200438;3.039517488
2020-03-21 23:30:00+00:00;-6.679320176;-13.97419674;3.3175822
2020-03-21 23:40:00+00:00;20.16439186;2.880491663;3.312136726
2020-03-21 23:50:00+00:00;30.77493984;6.081841005;3.126547263
2020-03-22 00:00:00+00:00;40.05809556;8.050467653;3.167368247
2020-03-22 00:10:00+00:00;63.74419505;11.68565533;3.546526179
2020-03-22 00:20:00+00:00;31.27551281;6.361025321;3.065723365
2020-03-22 00:30:00+00:00;-8.279579753;-15.71611718;2.938815684
2020-03-22 00:40:00+00:00;-7.923722128;-14.32416461;3.223372122
2020-03-22 00:50:00+00:00;-6.253615989;-12.21116889;3.140826184
2020-03-22 01:00:00+00:00;-6.485111067;-12.42860875;3.215560956
2020-03-22 01:10:00+00:00;-6.075604517;-12.50578233;3.201610994
2020-03-22 01:20:00+00:00;-6.562653235;-12.67083997;2.8956528
2020-03-22 01:30:00+00:00;-6.468285847;-12.39272042;2.631889332
2020-03-22 01:40:00+00:00;-6.105501919;-12.388923;2.903512363
2020-03-22 01:50:00+00:00;-6.248086821;-12.48026005;2.619247279
2020-03-22 02:00:00+00:00;-6.713338078;-12.65835503;2.669927639
2020-03-22 02:10:00+00:00;-6.206227811;-12.66480211;2.734294294
2020-03-22 02:20:00+00:00;-6.158195139;-12.86556494;2.565772106
2020-03-22 02:30:00+00:00;-6.230742353;-10.67247184;2.845520921
2020-03-22 02:40:00+00:00;1.232384378;-5.950289;2.718955433
2020-03-22 02:50:00+00:00;-5.447369732;-10.35256426;2.336163068
2020-03-22 03:00:00+00:00;-6.065361356;-10.35011575;2.613760983
2020-03-22 03:10:00+00:00;-5.656365222;-10.26336706;2.700111011
2020-03-22 03:20:00+00:00;-5.297208884;-10.13462516;2.396720932
2020-03-22 03:30:00+00:00;-5.216883922;-10.03218781;1.882566587
2020-03-22 03:40:00+00:00;-5.380200942;-9.808037975;2.323454885
2020-03-22 03:50:00+00:00;-6.243657374;-12.09971679;2.336678821
2020-03-22 04:00:00+00:00;-5.634198853;-10.56604609;1.644123459
2020-03-22 04:10:00+00:00;-5.838443872;-10.33992939;1.955560989
2020-03-22 04:20:00+00:00;-5.848033347;-11.05935553;2.208715621
2020-03-22 04:30:00+00:00;-8.960378556;-24.27089622;1.989638822
2020-03-22 04:40:00+00:00;-8.720143063;-23.2197505;1.884887454
2020-03-22 04:50:00+00:00;-8.711556222;-22.922424;2.303033206
2020-03-22 05:00:00+00:00;-6.476280059;-14.71436447;2.309535165
2020-03-22 05:10:00+00:00;-6.012691906;-11.55358624;2.136999876
2020-03-22 05:20:00+00:00;-5.296792067;-10.43063661;2.015149911
2020-03-22 05:30:00+00:00;-5.919828005;-10.70521216;2.315457721
2020-03-22 05:40:00+00:00;-5.263196583;-10.49082594;2.080338711
2020-03-22 05:50:00+00:00;-5.254652842;-10.41612679;1.916647279
2020-03-22 06:00:00+00:00;-7.404719724;-16.97876165;2.659658694
2020-03-22 06:10:00+00:00;-6.40608675;-13.61127322;2.963622094
2020-03-22 06:20:00+00:00;-6.611863326;-11.24690426;2.339120942
2020-03-22 06:30:00+00:00;-5.249461311;-10.12119972;2.041305415
2020-03-22 06:40:00+00:00;-5.332730416;-11.37514618;2.036415711
2020-03-22 06:50:00+00:00;-6.302567047;-12.82001663;2.539320926
2020-03-22 07:00:00+00:00;-7.216247259;-15.75716094;2.581111671
2020-03-22 07:10:00+00:00;-7.516113;-15.87551716;2.999441995
2020-03-22 07:20:00+00:00;3.396293737;-7.8103773;2.874341968
2020-03-22 07:30:00+00:00;-8.843811153;-15.66632932;2.470123406
2020-03-22 07:40:00+00:00;-8.971949428;-15.62288869;2.985816494
2020-03-22 07:50:00+00:00;16.99760406;-3.49435812;3.284016528
2020-03-22 08:00:00+00:00;-7.8377953;-13.16031274;2.878815679
2020-03-22 08:10:00+00:00;-9.664348894;-17.75878981;3.315540976
2020-03-22 08:20:00+00:00;29.78604653;2.212359217;3.337888778
2020-03-22 08:30:00+00:00;17.98112343;-2.790129242;3.145515642
2020-03-22 08:40:00+00:00;-11.29174829;-20.26045;3.530522094
2020-03-22 08:50:00+00:00;-9.157691629;-14.61936559;3.039088088
2020-03-22 09:00:00+00:00;-2.2907425;-10.66754048;2.646405158
2020-03-22 09:10:00+00:00;-8.453904972;-12.91747456;2.366922117
2020-03-22 09:20:00+00:00;38.54246761;2.639300316;3.506605121
2020-03-22 09:30:00+00:00;66.72784688;13.91097563;3.158758682
2020-03-22 09:40:00+00:00;35.65379047;3.345508657;3.382438711
2020-03-22 09:50:00+00:00;4.248056694;-11.68865166;3.446360922
2020-03-22 10:00:00+00:00;384.0900921;78.81904084;5.339905095
2020-03-22 10:10:00+00:00;257.2588028;52.63280059;4.69110478
2020-03-22 10:20:00+00:00;297.503005;61.5953805;4.690155372
2020-03-22 10:30:00+00:00;105.4449472;22.95216184;3.688115542
2020-03-22 10:40:00+00:00;140.189727;26.92314365;3.936070435
2020-03-22 10:50:00+00:00;160.0960118;30.89797532;3.957842005
2020-03-22 11:00:00+00:00;8.684159767;-4.087868143;3.264255428
2020-03-22 11:10:00+00:00;53.68414668;6.273113895;3.748589337
2020-03-22 11:20:00+00:00;224.0369203;45.82633871;4.590589363
2020-03-22 11:30:00+00:00;166.2267815;34.16493256;4.1836887
2020-03-22 11:40:00+00:00;31.45145423;6.560749514;3.146510395
2020-03-22 11:50:00+00:00;-8.775292547;-16.33528026;2.753115605
2020-03-22 12:00:00+00:00;58.23065723;11.07797177;3.394724856
2020-03-22 12:10:00+00:00;44.14241929;6.324290579;3.77545695
2020-03-22 12:20:00+00:00;336.3128115;67.6760157;5.302759775
2020-03-22 12:30:00+00:00;244.0614805;49.98536258;4.764736626
2020-03-22 12:40:00+00:00;207.6665171;43.04943018;4.723229271
2020-03-22 12:50:00+00:00;210.5629416;42.388027;4.620752437
2020-03-22 13:00:00+00:00;215.3245461;43.5220055;4.710905306
2020-03-22 13:10:00+00:00;316.1232037;63.61244655;5.15329477
2020-03-22 13:20:00+00:00;284.3191995;57.56396205;4.898584053
2020-03-22 13:30:00+00:00;408.3639065;82.26735376;5.567146959
2020-03-22 13:40:00+00:00;454.0445221;89.359766;5.496878763
2020-03-22 13:50:00+00:00;533.5826556;107.892688;5.965788722
2020-03-22 14:00:00+00:00;513.1142921;102.6226064;5.902920905
2020-03-22 14:10:00+00:00;547.1365159;111.0893062;5.712670447
2020-03-22 14:20:00+00:00;673.2062989;59.02812329;6.393731374
2020-03-22 14:30:00+00:00;980.8281353;21.10912284;7.064868232
2020-03-22 14:40:00+00:00;1493.367794;-49.66638717;8.1607663
2020-03-22 14:50:00+00:00;1112.253013;-18.43515171;7.710021794
2020-03-22 15:00:00+00:00;983.2860022;31.23130579;7.309510184
2020-03-22 15:10:00+00:00;832.1494247;65.85711995;6.937762953
2020-03-22 15:20:00+00:00;815.6236394;79.2618945;6.737799744
2020-03-22 15:30:00+00:00;687.3472321;132.3855715;6.124378753
2020-03-22 15:40:00+00:00;837.7377241;170.4865224;6.584758659
2020-03-22 15:50:00+00:00;1006.008036;203.6963056;7.51166065
2020-03-22 16:00:00+00:00;934.2729089;192.8926344;7.2772608
2020-03-22 16:10:00+00:00;687.8405221;138.0652639;6.511326195
2020-03-22 16:20:00+00:00;600.4637679;123.0904176;6.138873468
2020-03-22 16:30:00+00:00;498.4127061;100.2632709;5.806810922
2020-03-22 16:40:00+00:00;496.4408105;100.5726752;5.835231395
2020-03-22 16:50:00+00:00;543.2148239;110.2124314;5.983077572
2020-03-22 17:00:00+00:00;587.890545;119.5035311;6.129177611
2020-03-22 17:10:00+00:00;686.5774856;138.4944681;6.5776721
2020-03-22 17:20:00+00:00;772.4543261;155.2391472;6.561027639
2020-03-22 17:30:00+00:00;767.1990756;155.8215778;6.90330535
2020-03-22 17:40:00+00:00;572.9827463;116.6430599;6.286584016
2020-03-22 17:50:00+00:00;613.0427728;122.3267961;6.504416533
2020-03-22 18:00:00+00:00;631.3115826;129.7632784;6.3118946
2020-03-22 18:10:00+00:00;639.463525;131.2044003;6.389293835
2020-03-22 18:20:00+00:00;469.0873289;94.3771735;5.770566472
2020-03-22 18:30:00+00:00;547.2841961;110.4994259;6.057416561
2020-03-22 18:40:00+00:00;546.5210453;110.8070419;5.949878779
2020-03-22 18:50:00+00:00;482.1968174;97.85917432;5.6268893
2020-03-22 19:00:00+00:00;709.8202122;141.1298786;6.336916506
2020-03-22 19:10:00+00:00;726.4714622;147.6003011;6.583233144
2020-03-22 19:20:00+00:00;645.8421345;132.4165937;6.071429785
2020-03-22 19:30:00+00:00;710.0860178;144.9725389;6.5714554
2020-03-22 19:40:00+00:00;815.3510179;166.0429805;6.923847163
2020-03-22 19:50:00+00:00;730.5580544;147.8475839;6.443616461
2020-03-22 20:00:00+00:00;702.19414;140.5386211;6.373772006
2020-03-22 20:10:00+00:00;753.6323663;153.1430149;7.267099674
2020-03-22 20:20:00+00:00;815.0978111;164.7670217;6.794944339
2020-03-22 20:30:00+00:00;960.3760568;197.3934211;7.414541826
2020-03-22 20:40:00+00:00;807.49597;165.2020526;7.120036595
2020-03-22 20:50:00+00:00;794.5790417;160.0850278;7.050188789
2020-03-22 21:00:00+00:00;1001.486558;203.3166832;7.204878611
2020-03-22 21:10:00+00:00;1138.50166;229.9456563;7.547715511
2020-03-22 21:20:00+00:00;1069.365792;216.7696878;7.459416456
2020-03-22 21:30:00+00:00;1011.465908;205.3028111;7.372844189
2020-03-22 21:40:00+00:00;925.0960753;187.0805526;6.851394526
2020-03-22 21:50:00+00:00;790.7513306;162.09909;7.124466389
2020-03-22 22:00:00+00:00;549.5779026;113.0865011;6.006594632
2020-03-22 22:10:00+00:00;291.0371142;59.31794695;4.991447132
2020-03-22 22:20:00+00:00;231.4900444;47.12869767;4.853833144
2020-03-22 22:30:00+00:00;190.1991468;37.34843932;4.303341942
2020-03-22 22:40:00+00:00;217.96172;43.57620063;4.649815605
2020-03-22 22:50:00+00:00;267.9007022;51.68555117;5.012905378
2020-03-22 23:00:00+00:00;307.4818628;61.73982022;5.151555389
2020-03-22 23:10:00+00:00;265.6447617;53.21977706;5.121788739
2020-03-22 23:20:00+00:00;399.0548495;81.60039074;5.492878711
2020-03-22 23:30:00+00:00;191.7646582;38.23227242;4.353426111
2020-03-22 23:40:00+00:00;263.3597512;51.59948559;4.835635153
2020-03-22 23:50:00+00:00;377.9729484;77.11241695;5.474826011
2020-03-23 00:00:00+00:00;363.5581172;71.30246339;5.275260939
2020-03-23 00:10:00+00:00;516.8709347;104.0503734;6.076489274
2020-03-23 00:20:00+00:00;451.3199606;91.03839844;5.366544311
2020-03-23 00:30:00+00:00;585.1799233;118.7947166;6.494588761
2020-03-23 00:40:00+00:00;579.7993442;117.9982039;6.152647184
2020-03-23 00:50:00+00:00;526.9344153;107.5769006;5.821317424
2020-03-23 01:00:00+00:00;409.1684339;81.620987;5.507860906
2020-03-23 01:10:00+00:00;482.9866859;97.17453839;5.78524985
2020-03-23 01:20:00+00:00;514.4857342;103.9362209;5.761347179
2020-03-23 01:30:00+00:00;469.5087006;98.2680695;5.705688706
2020-03-23 01:40:00+00:00;625.9263053;127.5024966;6.207557726
2020-03-23 01:50:00+00:00;583.7796039;118.0387457;6.097972061
2020-03-23 02:00:00+00:00;802.3575695;159.662335;6.7763497
2020-03-23 02:10:00+00:00;902.1290811;186.0829892;7.039288578
2020-03-23 02:20:00+00:00;650.1046147;130.9033638;6.111915595
2020-03-23 02:30:00+00:00;687.1646226;140.1526258;6.565226111
2020-03-23 02:40:00+00:00;695.7378067;139.5057239;6.60292195
2020-03-23 02:50:00+00:00;816.9061168;165.9212963;6.983457653
2020-03-23 03:00:00+00:00;719.8740517;146.7108917;6.520794211
2020-03-23 03:10:00+00:00;520.7481006;105.9688622;6.134561
2020-03-23 03:20:00+00:00;359.7001994;72.04067228;5.245110928
2020-03-23 03:30:00+00:00;236.2469174;45.95406432;4.617899853
2020-03-23 03:40:00+00:00;174.9754132;34.65119753;4.224762989
2020-03-23 03:50:00+00:00;243.7070388;48.84201394;4.711929294
2020-03-23 04:00:00+00:00;192.4155514;37.94373379;4.397799837
2020-03-23 04:10:00+00:00;198.0180983;41.21500422;4.320144267
2020-03-23 04:20:00+00:00;127.8464612;26.90399569;3.980578747
2020-03-23 04:30:00+00:00;230.2564153;46.20992489;4.734427567
2020-03-23 04:40:00+00:00;154.0449791;30.27101611;4.092536684
2020-03-23 04:50:00+00:00;117.630514;22.59573142;4.181838694
2020-03-23 05:00:00+00:00;110.7364086;21.38799242;3.9382221
2020-03-23 05:10:00+00:00;237.1965389;49.09815519;4.649605356
2020-03-23 05:20:00+00:00;92.04911627;20.3687184;3.675841979
2020-03-23 05:30:00+00:00;134.1393012;27.48468632;3.840052505
2020-03-23 05:40:00+00:00;2.848141489;-5.806186281;3.044222094
2020-03-23 05:50:00+00:00;20.84423453;-2.643851245;3.649119815
2020-03-23 06:00:00+00:00;-8.453284742;-14.28123137;2.657068289
2020-03-23 06:10:00+00:00;-4.073336187;-11.62143448;3.285681088
2020-03-23 06:20:00+00:00;-8.303682694;-12.54386889;3.00319435
2020-03-23 06:30:00+00:00;6.5895535;-2.880299411;3.116849844
2020-03-23 06:40:00+00:00;21.8002002;2.026997717;3.057227644
2020-03-23 06:50:00+00:00;-8.368827226;-13.93584538;3.347299875
2020-03-23 07:00:00+00:00;-6.111713222;-10.31883802;3.511683156
2020-03-23 07:10:00+00:00;-8.539810142;-15.27063645;3.084268316
2020-03-23 07:20:00+00:00;6.364039406;-10.17227165;3.2685221
2020-03-23 07:30:00+00:00;151.6165852;24.72537974;4.137666517
2020-03-23 07:40:00+00:00;-9.168252528;-14.09167003;2.865694272
2020-03-23 07:50:00+00:00;48.46745441;1.752670327;3.871484026
2020-03-23 08:00:00+00:00;20.48631857;-4.175291044;3.045177644
2020-03-23 08:10:00+00:00;72.4522744;8.371807005;3.933241947
2020-03-23 08:20:00+00:00;157.7029303;32.29497938;4.120799839
2020-03-23 08:30:00+00:00;119.3902622;22.89113139;3.685620874
2020-03-23 08:40:00+00:00;-2.987064269;-8.790786172;3.416610989
2020-03-23 08:50:00+00:00;156.3125268;29.89223636;4.302857747
2020-03-23 09:00:00+00:00;162.1059361;25.35271516;4.312320884
2020-03-23 09:10:00+00:00;220.6620714;46.56944744;4.351082153
2020-03-23 09:20:00+00:00;283.8776108;56.80449714;4.793405367
2020-03-23 09:30:00+00:00;484.1386742;98.66659137;5.553952379
2020-03-23 09:40:00+00:00;326.4945432;70.17740747;4.940415668
2020-03-23 09:50:00+00:00;161.8273272;35.36659068;4.076033172
2020-03-23 10:00:00+00:00;202.2173281;41.25923161;4.285052442
2020-03-23 10:10:00+00:00;170.2073815;34.08623892;3.941910337
2020-03-23 10:20:00+00:00;268.0805053;55.06607829;4.668072033
2020-03-23 10:30:00+00:00;85.375072;5.669304411;3.939041947
2020-03-23 10:40:00+00:00;292.9797471;59.11385894;4.740629218
2020-03-23 10:50:00+00:00;39.21917849;-4.201437942;4.064805439
2020-03-23 11:00:00+00:00;272.7265174;55.54567061;4.637355383
2020-03-23 11:10:00+00:00;174.1900313;36.09492488;3.939457768
2020-03-23 11:20:00+00:00;338.0707806;66.56842694;5.072360956
2020-03-23 11:30:00+00:00;908.8295911;183.4161947;6.494063026
2020-03-23 11:40:00+00:00;661.4256194;134.9963844;6.538294189
2020-03-23 11:50:00+00:00;920.1911626;187.3047521;7.038631379
2020-03-23 12:00:00+00:00;1198.667261;240.5797611;7.371847074
2020-03-23 12:10:00+00:00;1201.645027;243.1724342;7.470773353
2020-03-23 12:20:00+00:00;1223.851309;247.9781535;7.455964206
2020-03-23 12:30:00+00:00;1121.580018;5.170598533;7.789949639
2020-03-23 12:40:00+00:00;1059.0634;38.49546878;7.360468084
2020-03-23 12:50:00+00:00;954.0846422;42.32605406;6.920088722
2020-03-23 13:00:00+00:00;1068.478326;6.584267906;7.182370212
2020-03-23 13:10:00+00:00;1281.567345;-12.59937526;7.566540829
2020-03-23 13:20:00+00:00;1569.005905;-53.67374305;8.422325874
2020-03-23 13:30:00+00:00;1080.108333;12.68504833;7.325344133
2020-03-23 13:40:00+00:00;1156.56618;18.80093835;7.421131284
2020-03-23 13:50:00+00:00;1429.261083;-30.78401114;7.887493983
2020-03-23 14:00:00+00:00;1197.077356;5.823960874;7.653257405
2020-03-23 14:10:00+00:00;1132.909781;-16.00467955;7.2706553
2020-03-23 14:20:00+00:00;993.8391074;-16.17333539;7.286883921
2020-03-23 14:30:00+00:00;853.4031872;15.94182971;6.835066522
2020-03-23 14:40:00+00:00;1359.049056;-56.98069694;7.865966272
2020-03-23 14:50:00+00:00;1458.55095;-94.45873506;8.120332972
2020-03-23 15:00:00+00:00;1341.509686;-97.24960768;7.671168121
2020-03-23 15:10:00+00:00;1523.747444;-117.1323872;8.276405033
2020-03-23 15:20:00+00:00;1404.571863;-91.37651038;8.294652147
2020-03-23 15:30:00+00:00;1275.725053;201.7462214;7.665768084
2020-03-23 15:40:00+00:00;1483.293074;301.0558242;8.085341674
2020-03-23 15:50:00+00:00;1694.979233;345.98148;8.973344094
2020-03-23 16:00:00+00:00;1233.036511;249.9433389;7.880452179
2020-03-23 16:10:00+00:00;1156.217386;233.0302444;7.745221856
2020-03-23 16:20:00+00:00;1338.543921;263.337119;7.99886463
2020-03-23 16:30:00+00:00;1161.976334;236.9405474;7.505673363
2020-03-23 16:40:00+00:00;843.4183167;168.7213017;7.090177533
2020-03-23 16:50:00+00:00;720.8050382;147.1914133;6.383793935
2020-03-23 17:00:00+00:00;759.1382533;152.807705;7.184027611
2020-03-23 17:10:00+00:00;764.556272;154.3959172;6.79052486
2020-03-23 17:20:00+00:00;733.5832405;147.8337416;6.626168195
2020-03-23 17:30:00+00:00;669.3351705;135.4967997;6.703505042
2020-03-23 17:40:00+00:00;680.4658617;138.0306228;6.491949767
2020-03-23 17:50:00+00:00;641.0239856;131.5100608;6.5560887
2020-03-23 18:00:00+00:00;552.6812595;112.7944952;6.207652347
2020-03-23 18:10:00+00:00;479.4434294;95.48028472;5.736988683
2020-03-23 18:20:00+00:00;532.60497;107.6151141;6.010078732
2020-03-23 18:30:00+00:00;679.4747189;136.4654172;6.472062905
2020-03-23 18:40:00+00:00;749.3577506;154.0874992;6.672366517
2020-03-23 18:50:00+00:00;576.43987;117.4450293;6.196468279
2020-03-23 19:00:00+00:00;596.8840705;122.0488136;6.207763063
2020-03-23 19:10:00+00:00;565.9012556;114.2251834;6.018294272
2020-03-23 19:20:00+00:00;401.4742206;80.46860744;5.726143587
2020-03-23 19:30:00+00:00;593.3228739;120.4784392;6.031660972
2020-03-23 19:40:00+00:00;416.5422853;84.10952211;5.455015658
2020-03-23 19:50:00+00:00;421.1460953;87.07173871;5.338123353
2020-03-23 20:00:00+00:00;477.3028332;96.80904053;5.848378732
2020-03-23 20:10:00+00:00;290.0176528;58.36958444;5.0956165
2020-03-23 20:20:00+00:00;396.3336011;78.50198558;5.491215721
2020-03-23 20:30:00+00:00;280.4180539;58.15888117;4.761633144
2020-03-23 20:40:00+00:00;278.1522756;56.14274361;5.064510956
2020-03-23 20:50:00+00:00;256.9724142;53.49623889;4.906031358
2020-03-23 21:00:00+00:00;165.3520814;32.75450033;4.259944289
2020-03-23 21:10:00+00:00;155.4752593;31.19012821;4.2250524
2020-03-23 21:20:00+00:00;100.9396163;19.95916874;3.925647263
2020-03-23 21:30:00+00:00;181.6653489;37.07602728;4.412405372
2020-03-23 21:40:00+00:00;176.0622795;35.50483716;4.391894521
2020-03-23 21:50:00+00:00;245.894645;50.17446617;4.546433139
2020-03-23 22:00:00+00:00;417.8263272;83.35822328;5.593971989
2020-03-23 22:10:00+00:00;504.8374826;102.5581371;6.019994537
2020-03-23 22:20:00+00:00;473.6568928;95.87890961;5.905566539
2020-03-23 22:30:00+00:00;322.6157584;64.59581479;4.941331432
2020-03-23 22:40:00+00:00;349.7907011;70.74732128;5.065283144
2020-03-23 22:50:00+00:00;262.5927584;54.09957216;4.995852437
2020-03-23 23:00:00+00:00;263.7591318;54.21262153;4.7718116
2020-03-23 23:10:00+00:00;209.9769222;42.29710206;4.669427628
2020-03-23 23:20:00+00:00;53.84430405;10.97738715;3.484641979
2020-03-23 23:30:00+00:00;32.66046917;6.810906768;3.4116946
2020-03-23 23:40:00+00:00;-4.3192983;-3.073429744;3.064410917
2020-03-23 23:50:00+00:00;48.31257092;6.490370789;3.662826184
2020-03-24 00:00:00+00:00;119.9551633;24.17007553;4.047241942
2020-03-24 00:10:00+00:00;130.3702175;26.80010717;4.445588628
2020-03-24 00:20:00+00:00;152.9411163;29.64556126;4.414631332
2020-03-24 00:30:00+00:00;216.8716594;42.7468335;4.90527765
2020-03-24 00:40:00+00:00;256.40243;52.77786747;4.938405095
2020-03-24 00:50:00+00:00;322.0423988;64.75218571;4.993099871
2020-03-24 01:00:00+00:00;501.0236305;101.7639066;5.902894563
2020-03-24 01:10:00+00:00;463.0853821;93.44584332;5.709236689
2020-03-24 01:20:00+00:00;458.3002228;91.79673372;5.644727583
2020-03-24 01:30:00+00:00;465.6207321;94.54547658;5.564715695
2020-03-24 01:40:00+00:00;361.2463728;72.98863933;5.28477205
2020-03-24 01:50:00+00:00;367.4685763;74.93690537;5.276778837
2020-03-24 02:00:00+00:00;356.1022956;72.95208267;5.237488722
2020-03-24 02:10:00+00:00;431.4243089;87.51183358;5.664336674
2020-03-24 02:20:00+00:00;268.6964859;55.5043895;4.823116483
2020-03-24 02:30:00+00:00;208.6378226;37.08757232;4.5377209
2020-03-24 02:40:00+00:00;245.3059553;49.35601384;5.003110321
2020-03-24 02:50:00+00:00;257.1604106;52.95737839;4.7542776
2020-03-24 03:00:00+00:00;239.3396526;48.64460016;4.660515653
2020-03-24 03:10:00+00:00;268.167285;53.49357061;4.841766361
2020-03-24 03:20:00+00:00;217.8800168;45.63266616;4.688241853
2020-03-24 03:30:00+00:00;242.4152862;48.56544405;4.580983942
2020-03-24 03:40:00+00:00;186.5689503;36.56913139;4.250805406
2020-03-24 03:50:00+00:00;167.967525;34.06617856;4.213084
2020-03-24 04:00:00+00:00;146.9245498;29.7825567;3.929199828
2020-03-24 04:10:00+00:00;143.9445937;29.09557026;4.042405053
2020-03-24 04:20:00+00:00;193.9784321;36.46252068;4.286535165
2020-03-24 04:30:00+00:00;129.5953959;24.5937634;3.993963063
2020-03-24 04:40:00+00:00;183.2612476;35.41813053;3.866099811
2020-03-24 04:50:00+00:00;278.4593961;56.61881278;4.68227755
2020-03-24 05:00:00+00:00;269.4023328;52.25587906;4.915249783
2020-03-24 05:10:00+00:00;138.4782424;28.84601812;4.412599742
2020-03-24 05:20:00+00:00;70.13357237;9.294340167;4.077133161
2020-03-24 05:30:00+00:00;208.4833897;41.92552354;4.398584032
2020-03-24 05:40:00+00:00;230.4973866;43.77429371;4.056123429
2020-03-24 05:50:00+00:00;11.62664802;-4.608544105;3.306210353
2020-03-24 06:00:00+00:00;75.1319437;15.56651174;4.019362989
2020-03-24 06:10:00+00:00;60.07357692;12.52422387;3.808041968
2020-03-24 06:20:00+00:00;-7.343777467;-10.84582603;2.983605444
2020-03-24 06:30:00+00:00;2.19820465;-11.11548283;3.371383144
2020-03-24 06:40:00+00:00;-6.892682233;-12.7583638;2.654688772
2020-03-24 06:50:00+00:00;-8.4844799;-15.81913742;2.650157774
2020-03-24 07:00:00+00:00;-8.416044974;-13.59516455;2.78503989
2020-03-24 07:10:00+00:00;-8.527578394;-13.74290516;2.897827644
2020-03-24 07:20:00+00:00;-7.843406837;-12.83361415;2.41898989
2020-03-24 07:30:00+00:00;-8.208676153;-15.00744847;3.401099865
2020-03-24 07:40:00+00:00;-5.837502405;-10.77285345;2.831099858
2020-03-24 07:50:00+00:00;-6.306670284;-9.162336158;2.752084058
2020-03-24 08:00:00+00:00;11.92189191;-5.905360128;2.889666511
2020-03-24 08:10:00+00:00;52.65957524;-0.501530007;3.609033222
2020-03-24 08:20:00+00:00;56.25735445;4.810929263;2.976773505
2020-03-24 08:30:00+00:00;15.03686766;-3.591794828;3.688099839
2020-03-24 08:40:00+00:00;27.41681211;-4.151802881;3.404510363
2020-03-24 08:50:00+00:00;-4.628163183;-12.18515119;3.746405422
2020-03-24 09:00:00+00:00;145.3813821;26.48813462;4.111794589
2020-03-24 09:10:00+00:00;-5.8629399;-11.42728522;3.241663011
2020-03-24 09:20:00+00:00;115.1789529;18.2265923;4.137560917
2020-03-24 09:30:00+00:00;76.70369098;11.40142195;3.281610363
2020-03-24 09:40:00+00:00;163.5094958;24.44378183;4.267372072
2020-03-24 09:50:00+00:00;166.6743985;32.27170047;3.854799879
2020-03-24 10:00:00+00:00;61.1387111;7.8055252;3.615578758
2020-03-24 10:10:00+00:00;135.6496137;27.17316593;3.850026147
2020-03-24 10:20:00+00:00;227.1681782;46.62268031;4.396662984
2020-03-24 10:30:00+00:00;412.8320424;81.65463324;5.0583292
2020-03-24 10:40:00+00:00;402.4245717;81.91271839;5.308722111
2020-03-24 10:50:00+00:00;397.0660222;78.98471039;5.38353865
2020-03-24 11:00:00+00:00;546.7210378;108.9914428;5.719689363
2020-03-24 11:10:00+00:00;383.2470208;79.00081306;5.234638689
2020-03-24 11:20:00+00:00;210.8183792;41.41768156;4.489394344
2020-03-24 11:30:00+00:00;287.8500803;66.11216506;4.74036085
2020-03-24 11:40:00+00:00;399.7227428;81.29530856;5.123949911
2020-03-24 11:50:00+00:00;238.7464186;48.21181171;4.457631432
2020-03-24 12:00:00+00:00;581.1999358;119.0851811;5.829452426
2020-03-24 12:10:00+00:00;551.9331606;112.7084136;6.151855378
2020-03-24 12:20:00+00:00;577.9179695;115.7436506;6.096236642
2020-03-24 12:30:00+00:00;566.0013682;52.90626894;5.742852694
2020-03-24 12:40:00+00:00;571.6348663;84.52475363;6.151941937
2020-03-24 12:50:00+00:00;717.6040072;66.43541043;6.69399415
2020-03-24 13:00:00+00:00;400.3950526;81.72090074;5.699447153
2020-03-24 13:10:00+00:00;404.9126059;81.66086606;5.585452759
2020-03-24 13:20:00+00:00;662.5931447;79.82187716;6.174478663
2020-03-24 13:30:00+00:00;951.5508;10.85840458;7.098755317
2020-03-24 13:40:00+00:00;921.9247989;0.168338683;7.055005328
2020-03-24 13:50:00+00:00;995.417055;-12.75270953;7.123499583
2020-03-24 14:00:00+00:00;828.8277683;-1.368820993;6.83756095
2020-03-24 14:10:00+00:00;821.3522394;-3.946907547;6.87204985
2020-03-24 14:20:00+00:00;688.9892432;18.12175598;6.655189253
2020-03-24 14:30:00+00:00;733.5181888;19.14680272;6.363217476
2020-03-24 14:40:00+00:00;563.1114694;36.02162581;5.945929294
2020-03-24 14:50:00+00:00;776.6177175;3.02333664;6.532019835
2020-03-24 15:00:00+00:00;787.9872256;-2.203989179;6.936268274
2020-03-24 15:10:00+00:00;898.9432944;-26.35198884;6.809716317
2020-03-24 15:20:00+00:00;902.4026563;-20.70878088;6.921657595
2020-03-24 15:30:00+00:00;1002.400648;187.4763519;7.169255378
2020-03-24 15:40:00+00:00;955.0795995;193.6025647;7.373199711
2020-03-24 15:50:00+00:00;1161.403509;234.2668988;7.611887941
2020-03-24 16:00:00+00:00;1228.059758;245.9663232;7.988578505
2020-03-24 16:10:00+00:00;1162.14104;238.0593184;7.631725942
2020-03-24 16:20:00+00:00;892.3167889;181.9450542;7.345689316
2020-03-24 16:30:00+00:00;892.2441547;182.1516874;7.187836505
2020-03-24 16:40:00+00:00;887.9778717;180.2047111;7.100188656
2020-03-24 16:50:00+00:00;695.9267384;142.9038541;6.732105089
2020-03-24 17:00:00+00:00;873.7443728;177.3693022;6.657222017
2020-03-24 17:10:00+00:00;1060.080785;216.5347437;7.513283963
2020-03-24 17:20:00+00:00;750.9707656;152.9222272;6.816399872
2020-03-24 17:30:00+00:00;604.4938644;123.4274076;6.156360939
2020-03-24 17:40:00+00:00;785.9861876;157.2383724;6.615429306
2020-03-24 17:50:00+00:00;831.8082828;169.6447349;6.778749783
2020-03-24 18:00:00+00:00;830.2157211;169.5699484;6.850147163
2020-03-24 18:10:00+00:00;625.1923344;129.4923018;6.420938644
2020-03-24 18:20:00+00:00;471.8893132;95.74271958;6.025873495
2020-03-24 18:30:00+00:00;457.1051716;91.58647437;5.604868153
2020-03-24 18:40:00+00:00;412.7900272;83.68089061;5.257810961
2020-03-24 18:50:00+00:00;437.36432;88.37643884;5.491384058
2020-03-24 19:00:00+00:00;461.2349158;93.18685863;5.706736605
2020-03-24 19:10:00+00:00;528.0444172;108.4661477;6.167688739
2020-03-24 19:20:00+00:00;426.2411789;85.44047105;5.625557726
2020-03-24 19:30:00+00:00;500.1071772;101.568027;6.08117765
2020-03-24 19:40:00+00:00;485.2887147;99.52843868;5.786784011
2020-03-24 19:50:00+00:00;466.1631122;93.64603961;5.705660922
2020-03-24 20:00:00+00:00;406.64213;81.95150867;5.669960894
2020-03-24 20:10:00+00:00;584.5593942;118.9820844;6.143531411
2020-03-24 20:20:00+00:00;596.6279711;122.2491084;5.977116506
2020-03-24 20:30:00+00:00;614.8305906;124.2250067;6.349072017
2020-03-24 20:40:00+00:00;694.2465689;140.8503527;6.613799739
2020-03-24 20:50:00+00:00;687.2839805;138.5901898;6.494273558
2020-03-24 21:00:00+00:00;552.8639216;112.5212118;6.106794637
2020-03-24 21:10:00+00:00;587.3137683;119.7116461;6.148438794
2020-03-24 21:20:00+00:00;455.7725432;93.19207663;5.870747168
2020-03-24 21:30:00+00:00;357.6311194;73.54768853;5.423541065
2020-03-24 21:40:00+00:00;318.0196522;64.6977855;5.302738661
2020-03-24 21:50:00+00:00;273.2411347;54.74604142;5.3413208
2020-03-24 22:00:00+00:00;242.3124133;49.37200028;4.780638717
2020-03-24 22:10:00+00:00;179.0749125;36.33090517;4.606722039
2020-03-24 22:20:00+00:00;182.8387895;37.15688221;4.561868211
2020-03-24 22:30:00+00:00;135.1313032;28.17827967;4.359744261
2020-03-24 22:40:00+00:00;140.6156408;28.290198;4.239863058
2020-03-24 22:50:00+00:00;207.3797505;42.17339126;4.840762953
2020-03-24 23:00:00+00:00;114.6794569;22.55763347;3.940305729
2020-03-24 23:10:00+00:00;223.3692994;44.67186239;4.687149822
2020-03-24 23:20:00+00:00;193.3310128;40.07308594;4.525383067
2020-03-24 23:30:00+00:00;140.7508917;29.58824456;4.25646655
2020-03-24 23:40:00+00:00;182.7689444;37.7342355;4.50691655
2020-03-24 23:50:00+00:00;189.7346589;38.637374;4.296489321
2020-03-25 00:00:00+00:00;113.0067731;22.78294606;3.952688082
2020-03-25 00:10:00+00:00;92.42861995;17.99122932;3.851689374
2020-03-25 00:20:00+00:00;71.45127556;13.41739525;3.590660972
2020-03-25 00:30:00+00:00;104.296156;21.01675806;3.978783167
2020-03-25 00:40:00+00:00;64.798772;12.51665418;3.664349867
2020-03-25 00:50:00+00:00;22.03004768;3.755808487;3.197427622
2020-03-25 01:00:00+00:00;-4.102183626;-8.400519119;2.608034915
2020-03-25 01:10:00+00:00;-6.162553372;-12.74118286;2.548955411
2020-03-25 01:20:00+00:00;-5.979315063;-12.00640534;2.409326174
2020-03-25 01:30:00+00:00;-6.028154195;-11.90857821;2.503899874
2020-03-25 01:40:00+00:00;-6.022675878;-11.88877428;2.544016583
2020-03-25 01:50:00+00:00;-5.970672917;-12.748261;1.938894361
2020-03-25 02:00:00+00:00;-5.990825883;-11.59148319;2.452472089
2020-03-25 02:10:00+00:00;-5.570411582;-11.60513776;2.475046918
2020-03-25 02:20:00+00:00;-6.362259726;-11.81398805;2.835768311
2020-03-25 02:30:00+00:00;-6.058290994;-10.65477589;3.099777639
2020-03-25 02:40:00+00:00;-5.775441622;-10.43874169;2.308449856
2020-03-25 02:50:00+00:00;-5.8594588;-11.85690374;2.269276365
2020-03-25 03:00:00+00:00;-5.146994684;-9.348997974;2.418284105
2020-03-25 03:10:00+00:00;-5.590885017;-10.73756025;2.39017765
2020-03-25 03:20:00+00:00;-4.933357516;-10.33976674;1.989120947
2020-03-25 03:30:00+00:00;-5.112359611;-10.13462887;2.066705147
2020-03-25 03:40:00+00:00;-5.413546239;-10.83964183;2.169827672
2020-03-25 03:50:00+00:00;-5.298923221;-10.15920858;1.989684137
2020-03-25 04:00:00+00:00;-6.0044141;-11.70761878;2.259533233
2020-03-25 04:10:00+00:00;-6.163830361;-9.867500333;2.374188744
2020-03-25 04:20:00+00:00;-5.351430847;-9.961845526;2.632610395
2020-03-25 04:30:00+00:00;-5.801102533;-11.909016;2.257088783
2020-03-25 04:40:00+00:00;-5.432126783;-10.09143489;3.051183189
2020-03-25 04:50:00+00:00;-6.096791128;-10.13423031;3.040133167
2020-03-25 05:00:00+00:00;-6.380572468;-10.85585653;2.419378837
2020-03-25 05:10:00+00:00;-6.682770044;-11.75475039;3.126338756
2020-03-25 05:20:00+00:00;-6.117662111;-12.39437321;2.979652505
2020-03-25 05:30:00+00:00;-5.821600216;-12.11034876;2.509299916
2020-03-25 05:40:00+00:00;-6.832867711;-14.84093856;3.535238733
2020-03-25 05:50:00+00:00;80.62456332;13.50230686;3.236794605
2020-03-25 06:00:00+00:00;3.280059529;-10.82878005;3.798293947
2020-03-25 06:10:00+00:00;246.491398;48.62568189;4.667777622
2020-03-25 06:20:00+00:00;275.3983855;58.02850574;4.491957795
2020-03-25 06:30:00+00:00;313.2507728;64.61037584;4.898557684
2020-03-25 06:40:00+00:00;456.6666778;95.88490372;5.285338622
2020-03-25 06:50:00+00:00;150.9510351;27.89640466;3.976784032
2020-03-25 07:00:00+00:00;501.4817851;102.8960984;5.5403776
2020-03-25 07:10:00+00:00;312.8934632;64.71438658;4.7413314
2020-03-25 07:20:00+00:00;496.9420211;100.0069913;5.376483183
2020-03-25 07:30:00+00:00;471.62849;94.12214874;5.556910258
2020-03-25 07:40:00+00:00;635.0296126;130.3338005;5.849827633
2020-03-25 07:50:00+00:00;601.73544;118.125389;6.124999756
2020-03-25 08:00:00+00:00;451.3550678;87.57107611;5.656833183
2020-03-25 08:10:00+00:00;108.3623247;19.98977973;4.526768216
2020-03-25 08:20:00+00:00;766.9807367;155.4811487;5.947272044
2020-03-25 08:30:00+00:00;465.3978195;94.69845795;5.737073453
2020-03-25 08:40:00+00:00;782.9816124;154.1547568;6.461958641
2020-03-25 08:50:00+00:00;938.9233853;184.0484336;7.410178563
2020-03-25 09:00:00+00:00;1026.126001;212.7205913;6.831053033
2020-03-25 09:10:00+00:00;830.3295318;166.9736374;6.820899776
2020-03-25 09:20:00+00:00;690.5261376;134.2171409;6.102555306
2020-03-25 09:30:00+00:00;1156.020181;233.8632967;7.292283161
2020-03-25 09:40:00+00:00;1012.880167;206.5645986;6.896647005
2020-03-25 09:50:00+00:00;1098.601223;221.4553705;7.254810274
2020-03-25 10:00:00+00:00;914.3287594;182.4344094;7.022127567
2020-03-25 10:10:00+00:00;1433.469955;163.8441489;8.584510042
2020-03-25 10:20:00+00:00;1425.16737;203.5302139;8.121743956
2020-03-25 10:30:00+00:00;1051.132427;163.8988935;7.321711447
2020-03-25 10:40:00+00:00;1043.848591;182.7700792;7.148468042
2020-03-25 10:50:00+00:00;1444.003933;195.4796017;8.167316172
2020-03-25 11:00:00+00:00;1284.248315;251.4118029;7.958558376
2020-03-25 11:10:00+00:00;1244.991809;245.6956511;7.799357495
2020-03-25 11:20:00+00:00;1310.373239;253.2865848;7.814310767
2020-03-25 11:30:00+00:00;1451.20268;53.07412872;7.9490863
2020-03-25 11:40:00+00:00;1398.073728;98.64327939;8.1333107
2020-03-25 11:50:00+00:00;1260.154484;125.4286717;7.766599542
2020-03-25 12:00:00+00:00;1214.704665;126.240261;7.555625853
2020-03-25 12:10:00+00:00;1187.879531;124.5795435;7.592016228
2020-03-25 12:20:00+00:00;1040.841434;93.57584011;7.704588383
2020-03-25 12:30:00+00:00;1423.501856;-203.1825914;8.437177294
2020-03-25 12:40:00+00:00;1535.029989;-174.5518927;8.272046768
2020-03-25 12:50:00+00:00;1542.232611;58.92752566;8.318982644
2020-03-25 13:00:00+00:00;1128.211582;176.3879105;7.506319695
2020-03-25 13:10:00+00:00;1259.545546;166.35363;7.623936489
2020-03-25 13:20:00+00:00;1061.639746;185.9665139;7.658188494
2020-03-25 13:30:00+00:00;1420.609539;122.2369262;8.418609947
2020-03-25 13:40:00+00:00;1327.320294;127.06344;8.340805
2020-03-25 13:50:00+00:00;1217.413518;124.0744164;8.083355769
2020-03-25 14:00:00+00:00;1185.95829;138.9243214;7.820570276
2020-03-25 14:10:00+00:00;1284.530922;114.2159333;7.690555294
2020-03-25 14:20:00+00:00;1208.420158;114.5191076;7.681731226
2020-03-25 14:30:00+00:00;1378.349478;146.5613475;8.416510544
2020-03-25 14:40:00+00:00;1139.073933;172.260379;7.38369464
2020-03-25 14:50:00+00:00;1134.675318;140.5406939;7.525188606
2020-03-25 15:00:00+00:00;920.143565;170.1108533;7.129155261
2020-03-25 15:10:00+00:00;992.3357489;163.7243228;7.190410867
2020-03-25 15:20:00+00:00;1156.133751;144.6619732;7.692078616
2020-03-25 15:30:00+00:00;1491.2946;284.3845947;8.384610084
2020-03-25 15:40:00+00:00;1356.710876;275.6675135;8.514205335
2020-03-25 15:50:00+00:00;1005.336936;205.0577039;7.55601085
2020-03-25 16:00:00+00:00;1039.583062;215.4777937;7.435768195
2020-03-25 16:10:00+00:00;1131.803914;227.5114405;7.504359555
2020-03-25 16:20:00+00:00;1148.116589;235.0133417;7.835894022
2020-03-25 16:30:00+00:00;934.9714705;191.1483395;7.204536653
2020-03-25 16:40:00+00:00;775.43124;159.0660433;7.097994272
2020-03-25 16:50:00+00:00;815.4502431;164.9792923;6.792381037
2020-03-25 17:00:00+00:00;1034.150302;209.7608911;7.499852374
2020-03-25 17:10:00+00:00;948.5928542;195.5409739;6.975405068
2020-03-25 17:20:00+00:00;811.9101317;164.4668089;6.961916444
2020-03-25 17:30:00+00:00;840.1467416;169.7441311;6.859310321
2020-03-25 17:40:00+00:00;801.5677367;161.3627611;6.894147126
2020-03-25 17:50:00+00:00;779.5129479;158.7625145;6.963836626
2020-03-25 18:00:00+00:00;775.3965063;157.5170211;6.693936711
2020-03-25 18:10:00+00:00;757.3531806;154.2375309;6.399193988
2020-03-25 18:20:00+00:00;687.8022894;138.8328774;6.679883111
2020-03-25 18:30:00+00:00;642.6794678;131.9188725;6.354222083
2020-03-25 18:40:00+00:00;677.2776256;137.4165886;6.683805317
2020-03-25 18:50:00+00:00;652.8319417;133.5162395;6.171962995
2020-03-25 19:00:00+00:00;534.1087589;108.5253643;6.003263026
2020-03-25 19:10:00+00:00;432.72345;87.63422588;5.756005735
2020-03-25 19:20:00+00:00;416.7601817;84.88974768;5.741284011
2020-03-25 19:30:00+00:00;501.742505;102.5640533;5.858622072
2020-03-25 19:40:00+00:00;517.7315353;104.9975266;5.842241926
2020-03-25 19:50:00+00:00;515.9860828;104.3198466;5.934944228
2020-03-25 20:00:00+00:00;498.859265;102.0701706;5.92275545
2020-03-25 20:10:00+00:00;444.9503628;90.27512017;5.874572094
2020-03-25 20:20:00+00:00;547.0547932;110.2813652;6.2143683
2020-03-25 20:30:00+00:00;664.1197326;134.9166182;6.478162963
2020-03-25 20:40:00+00:00;536.3172372;108.4203299;5.799922094
2020-03-25 20:50:00+00:00;514.0085247;104.9924113;5.909041884
2020-03-25 21:00:00+00:00;593.3665206;120.9388368;6.099605688
2020-03-25 21:10:00+00:00;596.1754439;121.7789151;5.897272022
2020-03-25 21:20:00+00:00;506.2137661;102.5178546;6.053494217
2020-03-25 21:30:00+00:00;379.8608889;76.68478347;5.571489311
2020-03-25 21:40:00+00:00;384.5719789;77.23259717;5.279860839
2020-03-25 21:50:00+00:00;263.8188316;53.14335705;4.948068226
2020-03-25 22:00:00+00:00;235.3181856;46.68250694;4.994210872
2020-03-25 22:10:00+00:00;268.5003816;53.84230626;5.1555841
2020-03-25 22:20:00+00:00;269.2716216;54.65693547;4.818184037
2020-03-25 22:30:00+00:00;342.0451259;68.73510706;5.113370482
2020-03-25 22:40:00+00:00;283.25639;56.99184726;5.010362968
2020-03-25 22:50:00+00:00;242.8597506;49.3712515;4.959494167
2020-03-25 23:00:00+00:00;277.5714858;56.47577153;5.042720889
2020-03-25 23:10:00+00:00;280.7885882;57.30155959;5.042852735
2020-03-25 23:20:00+00:00;309.4528339;61.88886706;5.285844172
2020-03-25 23:30:00+00:00;336.5074356;67.67597781;5.369674756
2020-03-25 23:40:00+00:00;299.9645856;60.93748558;5.082447142
2020-03-25 23:50:00+00:00;254.5155294;51.76138922;5.141860928
2020-03-26 00:00:00+00:00;244.1414156;49.93646944;4.898999822
2020-03-26 00:10:00+00:00;285.3397268;56.921806;5.088194516
2020-03-26 00:20:00+00:00;204.1202967;42.88867894;4.833566439
2020-03-26 00:30:00+00:00;162.12942;32.28908278;4.472166433
2020-03-26 00:40:00+00:00;99.86519347;21.56590479;4.053720868
2020-03-26 00:50:00+00:00;52.91791716;9.654579574;3.667605084
2020-03-26 01:00:00+00:00;25.72378783;5.21357735;3.454794289
2020-03-26 01:10:00+00:00;9.810070457;1.703527573;3.193226174
2020-03-26 01:20:00+00:00;9.084641344;0.22107979;3.253699863
2020-03-26 01:30:00+00:00;-5.992042179;-11.76547048;2.866794589
2020-03-26 01:40:00+00:00;-6.264103105;-12.47259042;2.443705137
2020-03-26 01:50:00+00:00;-5.47261695;-11.77029361;2.673766561
2020-03-26 02:00:00+00:00;-5.976440216;-12.02021616;2.587073511
2020-03-26 02:10:00+00:00;-5.74502505;-12.00889067;2.367833217
2020-03-26 02:20:00+00:00;-5.418613367;-11.94332661;2.484916556
2020-03-26 02:30:00+00:00;-5.086034772;-10.56505956;2.449972133
2020-03-26 02:40:00+00:00;-5.716472685;-10.92608295;2.643154885
2020-03-26 02:50:00+00:00;-5.254421861;-10.78177811;2.635599883
2020-03-26 03:00:00+00:00;-5.65078385;-10.74618983;2.352899861
2020-03-26 03:10:00+00:00;-5.168825439;-11.55132042;2.357977672
2020-03-26 03:20:00+00:00;-6.044641353;-12.22420368;2.682326184
2020-03-26 03:30:00+00:00;-5.911331167;-10.16861408;2.6232221
2020-03-26 03:40:00+00:00;-5.526756489;-9.802215947;2.608157726
2020-03-26 03:50:00+00:00;-5.657267194;-9.602271944;3.236127644
2020-03-26 04:00:00+00:00;-1.989703979;-4.654492974;2.859236674
2020-03-26 04:10:00+00:00;-5.491793344;-8.605893147;3.051173521
2020-03-26 04:20:00+00:00;49.38533421;13.06923998;3.512763
2020-03-26 04:30:00+00:00;102.8923845;19.92381644;3.799749833
2020-03-26 04:40:00+00:00;131.2450957;28.95402255;3.711557753
2020-03-26 04:50:00+00:00;256.1491905;53.15591847;4.726299805
2020-03-26 05:00:00+00:00;189.0104706;38.19677781;4.103899811
2020-03-26 05:10:00+00:00;229.9415124;44.83458474;4.322620874
2020-03-26 05:20:00+00:00;279.6731514;55.54186635;4.649440994
2020-03-26 05:30:00+00:00;248.5391446;49.67153232;4.651268279
2020-03-26 05:40:00+00:00;485.777605;96.7775877;5.509024835
2020-03-26 05:50:00+00:00;336.3491152;68.79348472;5.242566511
2020-03-26 06:00:00+00:00;287.1861762;58.46105622;4.951149839
2020-03-26 06:10:00+00:00;364.0872394;72.04015695;4.921362921
2020-03-26 06:20:00+00:00;359.6438134;74.93838852;4.873116511
2020-03-26 06:30:00+00:00;267.462963;54.28304556;4.901283083
2020-03-26 06:40:00+00:00;151.8860132;29.00206754;4.484541879
2020-03-26 06:50:00+00:00;243.3772864;49.0137175;4.687327633
2020-03-26 07:00:00+00:00;296.9066211;59.88556779;4.662036689
2020-03-26 07:10:00+00:00;404.8062935;83.445277;5.5548527
2020-03-26 07:20:00+00:00;310.5560813;62.51018202;4.637368158
2020-03-26 07:30:00+00:00;432.9055686;85.36990453;5.042989284
2020-03-26 07:40:00+00:00;668.3476978;132.3663583;6.126138644
2020-03-26 07:50:00+00:00;304.3205947;63.49224182;4.751977589
2020-03-26 08:00:00+00:00;342.7095217;69.34901255;5.004926184
2020-03-26 08:10:00+00:00;139.7134247;25.49530867;5.131072017
2020-03-26 08:20:00+00:00;859.7764358;167.1956716;6.57677472
2020-03-26 08:30:00+00:00;939.4612917;191.5532336;6.700555306
2020-03-26 08:40:00+00:00;115.2741998;16.45501747;5.205089168
2020-03-26 08:50:00+00:00;1305.680115;261.5296474;7.449920689
2020-03-26 09:00:00+00:00;916.0046323;186.6966397;6.452638606
2020-03-26 09:10:00+00:00;746.1872526;153.7447848;6.609152411
2020-03-26 09:20:00+00:00;705.3177532;142.6823996;5.928315589
2020-03-26 09:30:00+00:00;1105.745968;226.5182533;7.286971933
2020-03-26 09:40:00+00:00;1412.1235;283.7979541;8.195293788
2020-03-26 09:50:00+00:00;865.0908416;176.5572928;6.695341916
2020-03-26 10:00:00+00:00;1384.123181;270.1934794;8.159266328
2020-03-26 10:10:00+00:00;1077.292026;217.721451;7.616399616
2020-03-26 10:20:00+00:00;1454.209557;276.6305406;8.348777461
2020-03-26 10:30:00+00:00;1527.643458;306.4650111;7.756289016
2020-03-26 10:40:00+00:00;1202.527466;240.3383082;7.426462721
2020-03-26 10:50:00+00:00;1655.315439;332.2791678;8.482699372
2020-03-26 11:00:00+00:00;1665.638867;336.3817889;8.901849261
2020-03-26 11:10:00+00:00;1613.604433;324.1224956;9.291305011
2020-03-26 11:20:00+00:00;1505.621189;307.4849283;8.428321778
2020-03-26 11:30:00+00:00;1262.619201;218.6083026;7.697452121
2020-03-26 11:40:00+00:00;1624.990467;246.5465539;9.123193611
2020-03-26 11:50:00+00:00;1663.922495;235.455061;9.24243926
2020-03-26 12:00:00+00:00;1710.354572;258.0681283;9.473321556
2020-03-26 12:10:00+00:00;1611.170665;280.5706194;8.893634735
2020-03-26 12:20:00+00:00;1571.584668;231.5276456;8.733066033
2020-03-26 12:30:00+00:00;1535.353079;-169.4634724;8.470427183
2020-03-26 12:40:00+00:00;1522.062042;-13.98475795;7.8610312
2020-03-26 12:50:00+00:00;1623.125644;-9.219035723;8.429838328
2020-03-26 13:00:00+00:00;1406.079956;91.90065378;8.356221767
2020-03-26 13:10:00+00:00;1376.767958;147.5513582;8.235531147
2020-03-26 13:20:00+00:00;1308.220926;136.9384821;8.238094242
2020-03-26 13:30:00+00:00;1280.960342;128.8877784;7.670815416
2020-03-26 13:40:00+00:00;1195.464883;145.280395;7.598449644
2020-03-26 13:50:00+00:00;1120.953398;134.8927681;7.51538305
2020-03-26 14:00:00+00:00;1203.245715;95.40843479;7.854741895
2020-03-26 14:10:00+00:00;1062.509553;112.6996874;7.442473374
2020-03-26 14:20:00+00:00;984.7192144;125.0515722;7.350433028
2020-03-26 14:30:00+00:00;957.0664217;152.5454994;6.958877544
2020-03-26 14:40:00+00:00;897.8908879;158.6696395;7.382268153
2020-03-26 14:50:00+00:00;1082.205239;113.7607997;7.795199622
2020-03-26 15:00:00+00:00;1224.831495;86.36255689;8.128504826
2020-03-26 15:10:00+00:00;1291.414544;66.37267089;8.012810644
2020-03-26 15:20:00+00:00;1435.133974;38.95084265;8.307604695
2020-03-26 15:30:00+00:00;1392.136218;245.8508724;7.9465408
2020-03-26 15:40:00+00:00;1565.2396;317.1838763;8.352399279
2020-03-26 15:50:00+00:00;1688.675535;342.5250324;8.486269982
2020-03-26 16:00:00+00:00;1466.330695;301.0995105;8.008283832
2020-03-26 16:10:00+00:00;1673.633661;338.494075;8.658249389
2020-03-26 16:20:00+00:00;1488.583789;301.0777063;8.326930979
2020-03-26 16:30:00+00:00;1340.492703;276.0627271;8.193475894
2020-03-26 16:40:00+00:00;1316.227384;265.21297;8.379068005
2020-03-26 16:50:00+00:00;1321.335261;264.15823;8.15817725
2020-03-26 17:00:00+00:00;1163.126905;235.9287016;7.623626005
2020-03-26 17:10:00+00:00;1120.989733;228.2913706;7.550460906
2020-03-26 17:20:00+00:00;927.4584733;189.8395189;7.098321989
2020-03-26 17:30:00+00:00;844.9836183;171.8099656;6.874749667
2020-03-26 17:40:00+00:00;737.6733258;149.5034389;6.526289311
2020-03-26 17:50:00+00:00;725.9139017;148.8216158;6.327516511
2020-03-26 18:00:00+00:00;722.1188858;145.7425437;6.572878779
2020-03-26 18:10:00+00:00;767.3051695;155.9066798;6.710552411
2020-03-26 18:20:00+00:00;701.7229606;144.1846678;6.47851095
2020-03-26 18:30:00+00:00;704.6276168;143.0082492;6.487973542
2020-03-26 18:40:00+00:00;682.2097822;139.1276331;6.471260989
2020-03-26 18:50:00+00:00;657.9792789;134.6428058;6.212557711
2020-03-26 19:00:00+00:00;589.0487312;120.1434216;6.199493947
2020-03-26 19:10:00+00:00;515.7079558;104.3513841;5.859768232
2020-03-26 19:20:00+00:00;457.4949974;92.28851874;5.643341932
2020-03-26 19:30:00+00:00;395.8716289;80.91493244;5.422555394
2020-03-26 19:40:00+00:00;321.2626356;64.86905811;5.298277556
2020-03-26 19:50:00+00:00;315.3984833;65.51806194;5.378366522
2020-03-26 20:00:00+00:00;268.5462495;55.13202616;5.185310284
2020-03-26 20:10:00+00:00;288.3904379;57.99358863;5.005052453
2020-03-26 20:20:00+00:00;228.7467478;46.67331422;4.919410972
2020-03-26 20:30:00+00:00;191.2707426;37.92699105;4.598736626
2020-03-26 20:40:00+00:00;207.4031188;42.44565906;4.655323312
2020-03-26 20:50:00+00:00;257.8277663;51.88548721;5.075078716
2020-03-26 21:00:00+00:00;255.2127058;51.55049479;5.033889268
2020-03-26 21:10:00+00:00;270.9843367;54.112038;5.217394261
2020-03-26 21:20:00+00:00;283.4892647;57.47120142;5.039962953
2020-03-26 21:30:00+00:00;251.8932906;51.10317147;5.033123276
2020-03-26 21:40:00+00:00;170.2684405;34.82639042;4.519889263
2020-03-26 21:50:00+00:00;205.9695967;41.29119178;4.757110939
2020-03-26 22:00:00+00:00;234.2442332;47.11711242;4.981868242
2020-03-26 22:10:00+00:00;274.9389135;55.7040506;5.19883481
2020-03-26 22:20:00+00:00;232.1324644;46.84396178;4.965183111
2020-03-26 22:30:00+00:00;225.2983767;46.02042863;4.988322022
2020-03-26 22:40:00+00:00;227.0597733;46.21170678;4.931938611
2020-03-26 22:50:00+00:00;213.6378389;43.50439685;4.944089242
2020-03-26 23:00:00+00:00;186.7064306;37.33796444;4.535938689
2020-03-26 23:10:00+00:00;160.4737361;32.364855;4.422541879
2020-03-26 23:20:00+00:00;156.32459;31.17275622;4.598155306
2020-03-26 23:30:00+00:00;168.6993063;33.82304268;4.664699821
2020-03-26 23:40:00+00:00;186.0966244;36.27186383;4.604460833
2020-03-26 23:50:00+00:00;234.9099272;47.34705006;4.927566433
2020-03-27 00:00:00+00:00;294.7846111;59.759481;5.288672022
2020-03-27 00:10:00+00:00;302.5968316;60.87032705;5.536873474
2020-03-27 00:20:00+00:00;244.4198972;49.77693061;5.083649822
2020-03-27 00:30:00+00:00;233.7091221;47.76412126;5.101084095
2020-03-27 00:40:00+00:00;215.7986344;44.565727;4.911183106
2020-03-27 00:50:00+00:00;214.7843517;42.93601367;4.824355328
2020-03-27 01:00:00+00:00;223.7571211;45.18032426;4.720862995
2020-03-27 01:10:00+00:00;160.0108612;33.27329894;4.424023424
2020-03-27 01:20:00+00:00;103.4192047;21.06806311;4.256749861
2020-03-27 01:30:00+00:00;73.57106421;14.66332915;3.924984011
2020-03-27 01:40:00+00:00;22.09269055;4.517190171;3.417622
2020-03-27 01:50:00+00:00;13.72677784;2.78426215;3.235863037
2020-03-27 02:00:00+00:00;-5.005379539;-8.884058179;3.270027661
2020-03-27 02:10:00+00:00;-6.108095668;-11.76588779;3.040494679
2020-03-27 02:20:00+00:00;1.117010933;-5.871857883;2.994060928
2020-03-27 02:30:00+00:00;24.06502936;5.137769693;3.264476318
2020-03-27 02:40:00+00:00;40.36006308;9.299033337;3.030678837
2020-03-27 02:50:00+00:00;12.67256012;0.266650738;3.037389363
2020-03-27 03:00:00+00:00;42.7043164;5.681900901;3.116819865
2020-03-27 03:10:00+00:00;3.525365733;-2.535134372;3.332972056
2020-03-27 03:20:00+00:00;22.43022947;5.84864045;3.067833178
2020-03-27 03:30:00+00:00;38.82110641;6.975961724;3.17248875
2020-03-27 03:40:00+00:00;29.47776135;-2.846663278;3.287399839
2020-03-27 03:50:00+00:00;39.98137855;5.009524707;3.560083144
2020-03-27 04:00:00+00:00;32.88796291;6.577336291;3.070072089
2020-03-27 04:10:00+00:00;128.942048;24.52236146;4.033172017
2020-03-27 04:20:00+00:00;203.6480693;39.81342409;4.474868195
2020-03-27 04:30:00+00:00;336.3276124;66.87534478;4.897572
2020-03-27 04:40:00+00:00;415.4585288;84.90672435;5.247411612
2020-03-27 04:50:00+00:00;230.3539482;46.2085408;4.503605422
2020-03-27 05:00:00+00:00;364.0977378;78.67625063;5.356894558
2020-03-27 05:10:00+00:00;699.5763188;139.6492798;6.443816511
2020-03-27 05:20:00+00:00;615.2222553;122.8224583;5.782820868
2020-03-27 05:30:00+00:00;874.6235622;177.5111535;6.474944239
2020-03-27 05:40:00+00:00;498.5400761;101.469375;5.560655406
2020-03-27 05:50:00+00:00;919.9220372;185.0902136;6.685622072
2020-03-27 06:00:00+00:00;593.6265468;120.7556914;6.006868326
2020-03-27 06:10:00+00:00;346.2065129;66.80407816;5.260778732
2020-03-27 06:20:00+00:00;597.2212461;121.5617008;6.016266489
2020-03-27 06:30:00+00:00;563.3669222;119.8961111;5.639683206
2020-03-27 06:40:00+00:00;483.07284;94.70928928;5.429310906
2020-03-27 06:50:00+00:00;954.6049958;196.510934;6.768294537
2020-03-27 07:00:00+00:00;108.3184859;21.23154532;4.007705383
2020-03-27 07:10:00+00:00;730.5463688;144.9238751;6.354129082
2020-03-27 07:20:00+00:00;659.7261322;136.3060882;6.092372033
2020-03-27 07:30:00+00:00;628.53198;126.7441107;6.354620789
2020-03-27 07:40:00+00:00;913.9570931;182.4644396;6.608610733
2020-03-27 07:50:00+00:00;742.4671168;147.5207303;6.613973374
2020-03-27 08:00:00+00:00;946.4785195;196.2576947;6.822383889
2020-03-27 08:10:00+00:00;744.685945;149.946148;6.637827578
2020-03-27 08:20:00+00:00;789.0360953;157.1035068;6.868978668
2020-03-27 08:30:00+00:00;781.1600867;156.7036751;7.088466283
2020-03-27 08:40:00+00:00;877.5103611;179.5727219;6.826304889
2020-03-27 08:50:00+00:00;1063.238533;221.8862847;7.413926011
2020-03-27 09:00:00+00:00;731.6596133;144.6668756;6.600244139
2020-03-27 09:10:00+00:00;1413.688537;288.31032;8.016410611
2020-03-27 09:20:00+00:00;1143.777091;232.1869847;7.282382047
2020-03-27 09:30:00+00:00;1318.160416;262.5308343;7.882404863
2020-03-27 09:40:00+00:00;823.0936739;171.7314125;6.801683006
2020-03-27 09:50:00+00:00;554.3021721;109.3220884;5.825999732
2020-03-27 10:00:00+00:00;881.0344617;176.7063842;6.764299778
2020-03-27 10:10:00+00:00;1183.501094;237.9117689;7.371425811
2020-03-27 10:20:00+00:00;1315.056955;265.4379274;7.728994405
2020-03-27 10:30:00+00:00;570.0480272;117.9462165;5.7086776
2020-03-27 10:40:00+00:00;675.40384;132.6153354;6.234705058
2020-03-27 10:50:00+00:00;530.1555084;108.8968568;5.588831411
2020-03-27 11:00:00+00:00;639.1884311;126.0787353;6.028605361
2020-03-27 11:10:00+00:00;840.0976968;175.5262887;6.978920789
2020-03-27 11:20:00+00:00;371.5241283;74.59681447;5.407655417
2020-03-27 11:30:00+00:00;981.4182242;198.2196924;7.224878526
2020-03-27 11:40:00+00:00;1205.344644;247.3555694;7.313210828
2020-03-27 11:50:00+00:00;720.6641716;145.9008001;6.280073384
2020-03-27 12:00:00+00:00;952.2468467;196.9186563;6.894220742
2020-03-27 12:10:00+00:00;945.1484072;187.1717483;7.100571872
2020-03-27 12:20:00+00:00;937.2750621;192.9136087;6.995394537
2020-03-27 12:30:00+00:00;1123.406959;71.80132333;7.490016378
2020-03-27 12:40:00+00:00;1023.18033;85.10583689;7.478599663
2020-03-27 12:50:00+00:00;1267.514086;65.78533673;7.811649622
2020-03-27 13:00:00+00:00;1321.113763;49.05255024;8.034304695
2020-03-27 13:10:00+00:00;1608.006421;52.60859884;8.745704784
2020-03-27 13:20:00+00:00;1473.439106;104.6757589;8.185216122
2020-03-27 13:30:00+00:00;1602.325167;27.34069489;8.783483737
2020-03-27 13:40:00+00:00;1540.074344;18.18643321;8.679220463
2020-03-27 13:50:00+00:00;1640.341559;-7.795693835;8.408434818
2020-03-27 14:00:00+00:00;1587.847353;-13.32944624;8.5921054
2020-03-27 14:10:00+00:00;1635.828221;-45.4328264;8.533941684
2020-03-27 14:20:00+00:00;1670.620533;-60.34893283;8.493343794
2020-03-27 14:30:00+00:00;1493.890916;-16.22206117;8.492083689
2020-03-27 14:40:00+00:00;1405.063483;27.05030894;8.074833011
2020-03-27 14:50:00+00:00;1604.798483;-13.31178272;8.923404889
2020-03-27 15:00:00+00:00;1577.347633;12.63551836;9.243966111
2020-03-27 15:10:00+00:00;1708.826616;-30.02126377;8.780983732
2020-03-27 15:20:00+00:00;1704.741689;-52.48625847;8.686241621
2020-03-27 15:30:00+00:00;1717.862761;296.7703651;8.567405089
2020-03-27 15:40:00+00:00;1722.784384;348.4601421;8.560931132
2020-03-27 15:50:00+00:00;1580.590918;322.0555959;8.916387759
2020-03-27 16:00:00+00:00;1462.937405;297.8640605;8.213604832
2020-03-27 16:10:00+00:00;1381.383456;275.7226167;8.100949572
2020-03-27 16:20:00+00:00;1447.332705;296.7006653;8.343773268
2020-03-27 16:30:00+00:00;1295.166344;265.6646783;8.107299761
2020-03-27 16:40:00+00:00;1211.612737;247.0861111;7.811852142
2020-03-27 16:50:00+00:00;1196.53324;241.3935516;7.390220705
2020-03-27 17:00:00+00:00;1118.524977;232.4909876;7.879111365
2020-03-27 17:10:00+00:00;1049.768027;213.5570258;7.458447026
2020-03-27 17:20:00+00:00;1172.633676;238.7918894;7.005076241
2020-03-27 17:30:00+00:00;1334.237289;269.2849933;8.094294006
2020-03-27 17:40:00+00:00;1148.452878;232.5240711;7.962021911
2020-03-27 17:50:00+00:00;1098.408644;221.9434016;7.749373253
2020-03-27 18:00:00+00:00;1170.336194;238.68256;7.827976059
2020-03-27 18:10:00+00:00;1074.529084;217.4487945;7.918269495
2020-03-27 18:20:00+00:00;1070.658102;219.0083021;7.564636405
2020-03-27 18:30:00+00:00;1135.376318;231.0669894;7.637434765
2020-03-27 18:40:00+00:00;990.7769474;202.8865763;7.200684016
2020-03-27 18:50:00+00:00;873.0022339;175.9946922;7.304321833
2020-03-27 19:00:00+00:00;944.32106;191.5332032;7.469857558
2020-03-27 19:10:00+00:00;885.0040094;180.3139244;7.172566422
2020-03-27 19:20:00+00:00;756.6041632;153.5758026;6.985883979
2020-03-27 19:30:00+00:00;657.4304063;132.89132;6.577089184
2020-03-27 19:40:00+00:00;707.6819189;142.73465;6.661155389
2020-03-27 19:50:00+00:00;762.2672706;154.8734065;6.898005594
2020-03-27 20:00:00+00:00;716.0969932;145.1265493;6.624294568
2020-03-27 20:10:00+00:00;618.2746571;124.8126344;6.285817565
2020-03-27 20:20:00+00:00;618.7314216;126.0778069;6.462720842
2020-03-27 20:30:00+00:00;615.3484911;124.9294278;6.47207481
2020-03-27 20:40:00+00:00;533.3550776;108.6232871;5.935427589
2020-03-27 20:50:00+00:00;391.4167616;78.995591;5.513478774
2020-03-27 21:00:00+00:00;333.7459447;67.98486853;5.666831484
2020-03-27 21:10:00+00:00;290.6095089;59.62941005;5.016710305
2020-03-27 21:20:00+00:00;315.8629417;63.72153194;5.498410956
2020-03-27 21:30:00+00:00;353.9289656;71.60243005;5.490320884
2020-03-27 21:40:00+00:00;309.6728558;63.01221079;5.596215611
2020-03-27 21:50:00+00:00;257.7695689;52.06307379;5.216552489
2020-03-27 22:00:00+00:00;268.5282017;53.81661622;5.336577628
2020-03-27 22:10:00+00:00;252.6591805;50.67719663;5.018652463
2020-03-27 22:20:00+00:00;160.5273606;33.2950465;4.761777583
2020-03-27 22:30:00+00:00;134.2179747;27.57556089;4.798436689
2020-03-27 22:40:00+00:00;83.09388995;16.36808572;4.199399811
2020-03-27 22:50:00+00:00;63.20310106;12.97093575;3.628810944
2020-03-27 23:00:00+00:00;52.09182842;10.52978674;3.254547258
2020-03-27 23:10:00+00:00;35.93411478;7.128455839;3.409372072
2020-03-27 23:20:00+00:00;53.69676626;9.542477832;3.312473558
2020-03-27 23:30:00+00:00;44.03284422;8.981949174;3.554168242
2020-03-27 23:40:00+00:00;49.37377516;9.181052905;3.715457732
2020-03-27 23:50:00+00:00;62.51553356;12.60180558;3.9006887
2020-03-28 00:00:00+00:00;184.5480432;35.90372895;4.460510316
2020-03-28 00:10:00+00:00;197.0504632;39.85883195;4.696805079
2020-03-28 00:20:00+00:00;150.6493561;30.12708133;4.303616422
2020-03-28 00:30:00+00:00;153.6897211;30.8255808;4.501874805
2020-03-28 00:40:00+00:00;157.6810782;30.98872172;4.363810922
2020-03-28 00:50:00+00:00;184.1654384;37.28149395;4.240305089
2020-03-28 01:00:00+00:00;122.4186481;25.13532911;4.038633183
2020-03-28 01:10:00+00:00;57.79924321;11.24584591;3.466420916
2020-03-28 01:20:00+00:00;52.57533556;10.44950978;3.466077594
2020-03-28 01:30:00+00:00;22.17510565;4.536588179;3.238468247
2020-03-28 01:40:00+00:00;-7.151336322;-7.466859584;2.753710368
2020-03-28 01:50:00+00:00;-6.3409272;-10.75338597;2.361805163
2020-03-28 02:00:00+00:00;-5.938109606;-11.65196076;2.033523447
2020-03-28 02:10:00+00:00;-5.854788726;-11.52661013;2.422410395
2020-03-28 02:20:00+00:00;-5.927532911;-10.71659469;2.453810978
2020-03-28 02:30:00+00:00;-5.2942402;-9.319100632;2.645863032
2020-03-28 02:40:00+00:00;-5.236492878;-8.351923111;2.501605467
2020-03-28 02:50:00+00:00;-5.846262644;-8.823378167;2.687305428
2020-03-28 03:00:00+00:00;-6.440410976;-9.721981265;2.727135153
2020-03-28 03:10:00+00:00;11.06179048;-4.472947158;3.049068284
2020-03-28 03:20:00+00:00;135.7154789;27.73985668;3.811072111
2020-03-28 03:30:00+00:00;266.2512828;52.62690947;4.601205105
2020-03-28 03:40:00+00:00;177.5091837;35.88771258;4.1038946
2020-03-28 03:50:00+00:00;103.5783111;20.13980018;3.642755406
2020-03-28 04:00:00+00:00;2.108218463;-6.640913932;3.300020947
2020-03-28 04:10:00+00:00;-7.463854839;-10.84945636;3.124738728
2020-03-28 04:20:00+00:00;-6.309159194;-10.78937536;3.388038794
2020-03-28 04:30:00+00:00;-4.271112022;-8.410530939;3.618994289
2020-03-28 04:40:00+00:00;-2.988775521;-6.142920453;3.707994611
2020-03-28 04:50:00+00:00;-3.147458733;-6.149371394;3.639622011
2020-03-28 05:00:00+00:00;-3.943677953;-6.413724016;5.062947253
2020-03-28 05:10:00+00:00;-4.015607276;-6.438461347;5.001182229
2020-03-28 05:20:00+00:00;-5.128526305;-10.72581575;4.955157637
2020-03-28 05:30:00+00:00;-7.5226078;-19.44640056;4.270631353
2020-03-28 05:40:00+00:00;-6.814899722;-16.97653063;4.426749839
2020-03-28 05:50:00+00:00;-3.9069482;-6.552670679;4.282868237
2020-03-28 06:00:00+00:00;-4.666257688;-6.691870853;4.566217394
2020-03-28 06:10:00+00:00;-4.580122416;-6.789545595;4.5789261
2020-03-28 06:20:00+00:00;-4.0306897;-6.778114006;3.627410944
2020-03-28 06:30:00+00:00;-4.396520911;-7.356637094;4.517899839
2020-03-28 06:40:00+00:00;-3.058635635;-7.119936971;4.769405706
2020-03-28 06:50:00+00:00;-3.121438028;-7.430119611;4.441677617
2020-03-28 07:00:00+00:00;-3.168196816;-7.957767358;6.628884126
2020-03-28 07:10:00+00:00;-3.296803889;-8.614059833;4.543449889
2020-03-28 07:20:00+00:00;-4.021111026;-8.2929764;4.743836653
2020-03-28 07:30:00+00:00;-3.888127179;-8.716689058;6.1340735
2020-03-28 07:40:00+00:00;-3.256085511;-8.369797367;5.898594289
2020-03-28 07:50:00+00:00;-5.380891689;-11.30002328;6.953177528
2020-03-28 08:00:00+00:00;-6.035947578;-11.62053911;5.532560906
2020-03-28 08:10:00+00:00;-6.263648611;-13.02369571;5.8300787
2020-03-28 08:20:00+00:00;1.894047953;-12.44526568;5.630894511
2020-03-28 08:30:00+00:00;1106.520506;217.5228263;7.008111588
2020-03-28 08:40:00+00:00;942.1024658;192.3619652;6.13358477
2020-03-28 08:50:00+00:00;489.1252261;91.20488272;5.672266467
2020-03-28 09:00:00+00:00;1359.621132;275.3348614;8.051036384
2020-03-28 09:10:00+00:00;1243.316411;256.8855588;7.341149794
2020-03-28 09:20:00+00:00;1019.691053;205.4818679;6.841436632
2020-03-28 09:30:00+00:00;1545.449694;315.787035;8.770132789
2020-03-28 09:40:00+00:00;1288.392716;261.0348132;8.2215786
2020-03-28 09:50:00+00:00;1026.688244;211.9239211;7.049931305
2020-03-28 10:00:00+00:00;1593.325514;322.4409567;8.5665772
2020-03-28 10:10:00+00:00;1690.863468;340.9865205;9.041236342
2020-03-28 10:20:00+00:00;1665.829667;340.8475567;8.785821583
2020-03-28 10:30:00+00:00;1685.431347;340.3175953;9.230325721
2020-03-28 10:40:00+00:00;1392.667719;280.3670458;8.675131042
2020-03-28 10:50:00+00:00;1591.046882;323.1598088;8.5022701
2020-03-28 11:00:00+00:00;1698.550784;345.8443405;8.977878342
2020-03-28 11:10:00+00:00;1682.468211;340.6695178;8.917643928
2020-03-28 11:20:00+00:00;1646.791624;331.1446441;8.843293618
2020-03-28 11:30:00+00:00;1668.330511;194.9139417;8.687660511
2020-03-28 11:40:00+00:00;1514.280706;305.0083672;8.101577361
2020-03-28 11:50:00+00:00;1710.606711;348.4169989;9.103727283
2020-03-28 12:00:00+00:00;1640.370106;337.8689211;8.381977278
2020-03-28 12:10:00+00:00;1627.063256;330.1383256;8.593499433
2020-03-28 12:20:00+00:00;1509.397416;295.1902105;8.423399547
2020-03-28 12:30:00+00:00;1583.260472;4.985376939;8.791243833
2020-03-28 12:40:00+00:00;1458.573171;11.05496711;8.3497573
2020-03-28 12:50:00+00:00;1704.000177;13.94875703;9.097899469
2020-03-28 13:00:00+00:00;1630.489026;69.98180163;8.811331
2020-03-28 13:10:00+00:00;1534.892419;130.9442466;8.205593388
2020-03-28 13:20:00+00:00;1624.987;83.78472918;8.498499576
2020-03-28 13:30:00+00:00;1561.574684;93.87606753;8.505378542
2020-03-28 13:40:00+00:00;1533.640659;127.5672353;8.614705482
2020-03-28 13:50:00+00:00;1526.515968;58.10523174;8.879036289
2020-03-28 14:00:00+00:00;1584.482768;57.21947032;8.273778442
2020-03-28 14:10:00+00:00;1665.995989;34.94116073;8.816321611
2020-03-28 14:20:00+00:00;1683.176379;-2.58867965;8.814262605
2020-03-28 14:30:00+00:00;1327.881042;74.89327256;8.245599535
2020-03-28 14:40:00+00:00;1291.494937;72.75873895;8.252262689
2020-03-28 14:50:00+00:00;1109.869738;90.06758616;7.514247005
2020-03-28 15:00:00+00:00;763.4917461;150.6751695;6.696083921
2020-03-28 15:10:00+00:00;965.7136442;150.8395513;7.24918473
2020-03-28 15:20:00+00:00;1113.82345;135.4953956;7.626277483
2020-03-28 15:30:00+00:00;1295.366974;251.842931;8.364279605
2020-03-28 15:40:00+00:00;1379.992929;279.8316006;7.965952647
2020-03-28 15:50:00+00:00;1432.257926;286.88667;8.342146895
2020-03-28 16:00:00+00:00;1599.037212;324.8270094;9.178311324
2020-03-28 16:10:00+00:00;1453.053763;297.3819816;8.739578342
2020-03-28 16:20:00+00:00;1397.588972;282.7454433;8.436727444
2020-03-28 16:30:00+00:00;1234.148016;250.2549963;8.147615268
2020-03-28 16:40:00+00:00;1211.132858;244.3126516;7.524931321
2020-03-28 16:50:00+00:00;1157.901433;234.4135539;8.024227278
2020-03-28 17:00:00+00:00;884.2961637;179.94856;7.390652332
2020-03-28 17:10:00+00:00;690.5415894;139.9838418;6.977511524
2020-03-28 17:20:00+00:00;561.2985617;114.0937397;6.20404985
2020-03-28 17:30:00+00:00;562.8767126;114.8780545;6.396557747
2020-03-28 17:40:00+00:00;589.8130689;120.0770847;6.181620874
2020-03-28 17:50:00+00:00;599.0731756;120.7759714;6.604377694
2020-03-28 18:00:00+00:00;655.3171942;133.1896182;6.5699683
2020-03-28 18:10:00+00:00;680.6814233;137.9890583;6.470099794
2020-03-28 18:20:00+00:00;806.5664811;164.2870428;7.005871994
2020-03-28 18:30:00+00:00;883.7676665;179.1612524;7.090634982
2020-03-28 18:40:00+00:00;742.5580358;150.106547;6.609179855
2020-03-28 18:50:00+00:00;786.2040978;158.3612417;6.902949661
2020-03-28 19:00:00+00:00;881.8524782;179.3648665;7.073899729
2020-03-28 19:10:00+00:00;907.0000083;183.1183039;7.629982994
2020-03-28 19:20:00+00:00;914.8093456;184.2594583;7.582021944
2020-03-28 19:30:00+00:00;891.7500321;180.1129063;7.378415511
2020-03-28 19:40:00+00:00;831.2061244;168.3791028;7.288722006
2020-03-28 19:50:00+00:00;621.3849506;127.1992172;6.375627656
2020-03-28 20:00:00+00:00;510.9480317;102.4153738;6.053963005
2020-03-28 20:10:00+00:00;497.5787353;100.9022868;5.953805089
2020-03-28 20:20:00+00:00;497.2623671;100.2374701;6.226588065
2020-03-28 20:30:00+00:00;472.5282453;96.67805029;5.973782218
2020-03-28 20:40:00+00:00;452.2172979;90.75331553;5.947331358
2020-03-28 20:50:00+00:00;473.9077284;96.51895626;6.138852453
2020-03-28 21:00:00+00:00;452.9974122;92.07761494;6.194371994
2020-03-28 21:10:00+00:00;398.9723321;81.33314226;5.720820858
2020-03-28 21:20:00+00:00;364.0119106;73.72867528;5.903233133
2020-03-28 21:30:00+00:00;321.0364274;65.16342342;5.594636716
2020-03-28 21:40:00+00:00;215.8668671;43.36256094;4.680793876
2020-03-28 21:50:00+00:00;182.4769437;37.14985584;4.6279788
2020-03-28 22:00:00+00:00;260.3155658;51.86106911;5.434831326
2020-03-28 22:10:00+00:00;307.40961;61.35782417;5.63832205
2020-03-28 22:20:00+00:00;276.5300132;55.84128963;5.241741926
2020-03-28 22:30:00+00:00;355.7878224;71.35091888;5.492546947
2020-03-28 22:40:00+00:00;377.6298742;76.55198116;5.664284053
2020-03-28 22:50:00+00:00;354.0092226;71.63180579;5.507078753
2020-03-28 23:00:00+00:00;409.2020622;81.58801717;5.830360978
2020-03-28 23:10:00+00:00;400.2706547;80.92396295;5.7580261
2020-03-28 23:20:00+00:00;313.62289;63.50278339;5.304110933
2020-03-28 23:30:00+00:00;251.1045011;50.53401295;4.998410337
2020-03-28 23:40:00+00:00;197.2357283;40.46583972;4.528060939
2020-03-28 23:50:00+00:00;164.2090126;33.28422637;4.5189629
2020-03-29 00:00:00+00:00;126.1034117;25.79427811;4.3737109
2020-03-29 00:10:00+00:00;62.0219265;13.63817449;3.658638722
2020-03-29 00:20:00+00:00;49.83358083;10.52167703;3.502488739
2020-03-29 00:30:00+00:00;81.70880671;16.60109194;3.657329218
2020-03-29 00:40:00+00:00;98.35441;19.38648089;4.055877556
2020-03-29 00:50:00+00:00;133.5163924;26.86257253;4.415870441
2020-03-29 01:00:00+00:00;143.8576501;29.2865629;4.34216977
2020-03-29 01:10:00+00:00;109.5764783;22.06344422;3.776044294
2020-03-29 01:20:00+00:00;161.4985423;32.63188368;4.135562937
2020-03-29 01:30:00+00:00;179.6980121;36.21850074;4.558331368
2020-03-29 01:40:00+00:00;175.9823822;35.65221211;4.753927494
2020-03-29 01:50:00+00:00;152.1786763;30.94644121;4.058615684
2020-03-29 02:00:00+00:00;225.6027222;44.75180333;4.573555311
2020-03-29 02:10:00+00:00;224.5471274;46.47108284;4.636699842
2020-03-29 02:20:00+00:00;171.5864437;33.72708653;4.524336637
2020-03-29 02:30:00+00:00;119.4195992;22.75520542;4.038288722
2020-03-29 02:40:00+00:00;123.6842436;24.32026921;3.899989295
2020-03-29 02:50:00+00:00;7.330198883;-1.611742283;2.925538761
2020-03-29 03:00:00+00:00;-5.606706918;-9.309402206;2.292235141
2020-03-29 03:10:00+00:00;-5.659533467;-9.362521639;2.513727656
2020-03-29 03:20:00+00:00;-5.217195805;-8.463590868;2.526247284
2020-03-29 03:30:00+00:00;-5.442392095;-9.422368816;2.336294595
2020-03-29 03:40:00+00:00;-6.061594227;-8.462525867;3.073206547
2020-03-29 03:50:00+00:00;-5.942638935;-10.56147232;3.000017524
2020-03-29 04:00:00+00:00;-6.728069937;-9.783543684;3.056668279
2020-03-29 04:10:00+00:00;13.162372;-6.453041884;3.065142026
2020-03-29 04:20:00+00:00;146.6009855;29.837452;4.024593494
2020-03-29 04:30:00+00:00;166.4122609;34.103189;4.01287205
2020-03-29 04:40:00+00:00;-0.6349869;-9.233029167;3.441066533
2020-03-29 04:50:00+00:00;72.16615184;15.67870038;3.214449839
2020-03-29 05:00:00+00:00;153.6516314;30.64099349;3.862310332
2020-03-29 05:10:00+00:00;137.9872373;29.71239816;3.810188733
2020-03-29 05:20:00+00:00;261.1618739;51.70616556;4.538094283
2020-03-29 05:30:00+00:00;407.2433409;79.22644565;5.033223359
2020-03-29 05:40:00+00:00;558.7795684;115.7910086;5.563084005
2020-03-29 05:50:00+00:00;658.2690142;135.429099;6.016805047
2020-03-29 06:00:00+00:00;592.13184;120.7144604;6.056705665
2020-03-29 06:10:00+00:00;370.0671122;78.02032711;5.009955389
2020-03-29 06:20:00+00:00;803.6183822;158.0578049;6.328049817
2020-03-29 06:30:00+00:00;398.3795812;77.34865492;5.150894272
2020-03-29 06:40:00+00:00;736.7161961;152.1878805;6.576977367
2020-03-29 06:50:00+00:00;715.2868874;141.4463484;6.475704958
2020-03-29 07:00:00+00:00;847.3424094;179.2760919;6.989570347
2020-03-29 07:10:00+00:00;887.3290183;179.1216942;6.863916394
2020-03-29 07:20:00+00:00;1318.590144;269.7875317;7.7985718
2020-03-29 07:30:00+00:00;825.3127813;140.7128579;8.137583821
2020-03-29 07:40:00+00:00;1179.609238;239.7306657;7.836499656
2020-03-29 07:50:00+00:00;1288.876932;264.5744379;8.143362695
2020-03-29 08:00:00+00:00;1368.361792;278.0001847;8.235483689
2020-03-29 08:10:00+00:00;1150.153401;233.4112972;7.387277483
2020-03-29 08:20:00+00:00;1148.621261;235.9887956;7.107383911
2020-03-29 08:30:00+00:00;1448.793676;291.3052665;8.429040735
2020-03-29 08:40:00+00:00;1343.690304;275.7654758;7.569568053
2020-03-29 08:50:00+00:00;1093.423438;216.7574529;6.766078674
2020-03-29 09:00:00+00:00;1333.443645;272.4192053;7.556476006
2020-03-29 09:10:00+00:00;1048.206045;214.8760676;7.053925968
2020-03-29 09:20:00+00:00;1321.303214;262.0976817;7.852388511
2020-03-29 09:30:00+00:00;1231.519651;251.2575584;7.573752258
2020-03-29 09:40:00+00:00;1298.477044;254.3090033;8.086232861
2020-03-29 09:50:00+00:00;1289.52948;249.7924837;8.112631247
2020-03-29 10:00:00+00:00;1671.3767;327.5815384;9.337778274
2020-03-29 10:10:00+00:00;1302.243851;262.8162083;7.7226051
2020-03-29 10:20:00+00:00;1582.010737;323.5674768;8.642741489
2020-03-29 10:30:00+00:00;1367.721589;280.0707447;7.986383726
2020-03-29 10:40:00+00:00;970.6314526;198.0433851;7.013794484
2020-03-29 10:50:00+00:00;1516.280986;310.6915783;8.847127167
2020-03-29 11:00:00+00:00;1262.299802;248.0145537;7.979604921
2020-03-29 11:10:00+00:00;1552.09462;303.3672324;8.586105312
2020-03-29 11:20:00+00:00;1597.678122;301.6681239;8.441655011
2020-03-29 11:30:00+00:00;1509.237083;228.0917922;8.431733128
2020-03-29 11:40:00+00:00;1395.567375;252.3419617;7.930794028
2020-03-29 11:50:00+00:00;1253.279233;246.6657874;7.576047126
2020-03-29 12:00:00+00:00;1405.696386;253.9717707;7.943199593
2020-03-29 12:10:00+00:00;1377.775285;281.0133076;8.211217288
2020-03-29 12:20:00+00:00;1245.080056;237.6267711;7.680171811
2020-03-29 12:30:00+00:00;1200.638675;22.28193589;7.505305317
2020-03-29 12:40:00+00:00;1578.345416;-16.59426321;8.267010058
2020-03-29 12:50:00+00:00;1629.260861;-21.32601965;8.790515906
2020-03-29 13:00:00+00:00;1690.968871;-48.69475547;9.074977167
2020-03-29 13:10:00+00:00;1450.411985;21.48701093;8.492720684
2020-03-29 13:20:00+00:00;1057.797082;109.5353566;7.324593812
2020-03-29 13:30:00+00:00;1015.039955;133.2011906;7.152555322
2020-03-29 13:40:00+00:00;1586.428226;11.21274431;8.363931211
2020-03-29 13:50:00+00:00;1229.842144;70.39323886;7.530399589
2020-03-29 14:00:00+00:00;1323.398107;38.10771519;7.714231189
2020-03-29 14:10:00+00:00;1404.604224;5.948152371;8.3303525
2020-03-29 14:20:00+00:00;1634.7535;-53.91875804;8.813771333
2020-03-29 14:30:00+00:00;1609.689226;-41.66734903;8.3621096
2020-03-29 14:40:00+00:00;1712.655853;-55.35354879;8.804725763
2020-03-29 14:50:00+00:00;1484.859061;-24.99030406;8.299066244
2020-03-29 15:00:00+00:00;1438.715411;-23.74679544;8.288282833
2020-03-29 15:10:00+00:00;1573.756483;-38.2021046;8.529260506
2020-03-29 15:20:00+00:00;1436.281258;-5.797176731;8.265536326
2020-03-29 15:30:00+00:00;1635.829317;290.1615727;8.858904972
2020-03-29 15:40:00+00:00;1626.70105;325.7795344;8.78413825
2020-03-29 15:50:00+00:00;1669.199067;336.332305;9.048499333
2020-03-29 16:00:00+00:00;1550.512805;316.0166937;8.480188958
2020-03-29 16:10:00+00:00;1622.882339;331.8413478;8.609288333
2020-03-29 16:20:00+00:00;1550.486056;312.9436094;8.92683275
2020-03-29 16:30:00+00:00;1521.874667;312.3311244;8.49115515
2020-03-29 16:40:00+00:00;1393.574684;285.2655142;8.135157426
2020-03-29 16:50:00+00:00;1239.142631;252.1571767;7.894383039
2020-03-29 17:00:00+00:00;1157.258647;231.9892037;7.934941642
2020-03-29 17:10:00+00:00;1312.338817;265.9086661;8.466199461
2020-03-29 17:20:00+00:00;1242.264872;253.6111006;8.052788511
2020-03-29 17:30:00+00:00;1059.756638;215.1744389;7.688455294
2020-03-29 17:40:00+00:00;989.0429132;199.4674126;6.900589342
2020-03-29 17:50:00+00:00;901.2611753;182.3063832;7.104289242
2020-03-29 18:00:00+00:00;897.9075867;181.3082711;7.302783011
2020-03-29 18:10:00+00:00;884.4426774;179.2881816;7.155278784
2020-03-29 18:20:00+00:00;763.8127268;154.9399737;7.020078695
2020-03-29 18:30:00+00:00;512.6738718;103.7055672;6.349588106
2020-03-29 18:40:00+00:00;476.8412316;96.44645021;5.798073532
2020-03-29 18:50:00+00:00;572.8765728;115.7000219;6.224694278
2020-03-29 19:00:00+00:00;531.8105432;108.4656133;6.112294658
2020-03-29 19:10:00+00:00;539.1619194;108.8768239;6.259458676
2020-03-29 19:20:00+00:00;612.01105;123.6027031;6.377660983
2020-03-29 19:30:00+00:00;672.7503939;135.3657028;6.636083122
2020-03-29 19:40:00+00:00;729.8319153;147.6038495;6.953157711
2020-03-29 19:50:00+00:00;781.9480772;159.2989584;7.189410232
2020-03-29 20:00:00+00:00;597.4561794;121.0804263;6.309083172
2020-03-29 20:10:00+00:00;473.1935139;95.52771617;6.032144267
2020-03-29 20:20:00+00:00;448.4269742;90.51490479;5.759468205
2020-03-29 20:30:00+00:00;495.5499106;101.0887433;5.894670429
2020-03-29 20:40:00+00:00;545.1102894;110.4795419;6.068536795
2020-03-29 20:50:00+00:00;640.6999879;129.1996994;6.540836626
2020-03-29 21:00:00+00:00;684.1597878;138.21408;6.666760928
2020-03-29 21:10:00+00:00;653.4645068;133.4889603;6.361147205
2020-03-29 21:20:00+00:00;519.6491959;105.7780409;5.978564529
2020-03-29 21:30:00+00:00;358.3414389;72.79506289;5.498033117
2020-03-29 21:40:00+00:00;368.4010789;74.151585;5.384994217
2020-03-29 21:50:00+00:00;392.2723474;79.72423647;5.560573437
2020-03-29 22:00:00+00:00;446.9541758;90.69792632;5.766810316
2020-03-29 22:10:00+00:00;485.8554311;98.64247911;6.1158498
2020-03-29 22:20:00+00:00;444.2315095;90.35401268;5.748010347
2020-03-29 22:30:00+00:00;392.7907794;80.25143994;5.502205676
2020-03-29 22:40:00+00:00;298.6175256;61.13768411;5.154477539
2020-03-29 22:50:00+00:00;169.0907434;34.53024432;4.476968279
2020-03-29 23:00:00+00:00;73.20452339;15.05262719;3.948766511
2020-03-29 23:10:00+00:00;106.6237725;20.93210383;4.241210933
2020-03-29 23:20:00+00:00;115.2953408;23.53740522;4.200573532
2020-03-29 23:30:00+00:00;64.31915395;13.48093573;3.815060983
2020-03-29 23:40:00+00:00;13.90498146;2.710152979;3.370926147
2020-03-29 23:50:00+00:00;36.87441836;7.299179378;3.536072044
2020-03-30 00:00:00+00:00;106.3879723;21.34613116;4.222852421
2020-03-30 00:10:00+00:00;74.03792105;14.83663037;3.940705079
2020-03-30 00:20:00+00:00;10.98305586;1.903683608;3.230811594
2020-03-30 00:30:00+00:00;28.61862352;5.886802306;3.519510983
2020-03-30 00:40:00+00:00;32.79726258;6.398810263;3.561157684
2020-03-30 00:50:00+00:00;-0.837679747;-4.023451561;2.987236705
2020-03-30 01:00:00+00:00;-6.365746019;-11.10656013;2.716512388
2020-03-30 01:10:00+00:00;-6.347542061;-11.68826933;2.255211006
2020-03-30 01:20:00+00:00;-5.139470706;-10.83039022;1.805972156
2020-03-30 01:30:00+00:00;-5.717262811;-13.987461;1.484131526
2020-03-30 01:40:00+00:00;-5.552610147;-13.22968537;1.654847311
2020-03-30 01:50:00+00:00;-5.173085447;-11.72070629;2.185094621
2020-03-30 02:00:00+00:00;-5.0932221;-11.80444729;2.577411647
2020-03-30 02:10:00+00:00;-4.898259859;-10.66617306;2.451041076
2020-03-30 02:20:00+00:00;-5.448716211;-10.80969882;2.765284084
2020-03-30 02:30:00+00:00;-4.760877817;-9.582503583;2.48907765
2020-03-30 02:40:00+00:00;-5.035761656;-10.78790706;2.107499867
2020-03-30 02:50:00+00:00;-4.864076982;-8.976458941;2.281717535
2020-03-30 03:00:00+00:00;-5.621783378;-9.3225055;2.500022089
2020-03-30 03:10:00+00:00;-5.573348753;-10.04426739;2.533289353
2020-03-30 03:20:00+00:00;-5.552419911;-9.31669255;2.827909905
2020-03-30 03:30:00+00:00;-5.811474917;-9.670317083;2.6374832
2020-03-30 03:40:00+00:00;-5.071730589;-9.226679889;2.333244333
2020-03-30 03:50:00+00:00;-7.005694678;-10.01799356;2.50550545
2020-03-30 04:00:00+00:00;-5.576950916;-9.773434526;2.174615695
2020-03-30 04:10:00+00:00;-4.945514728;-8.29111025;2.333188794
2020-03-30 04:20:00+00:00;-6.565683963;-9.717864789;2.9465946
2020-03-30 04:30:00+00:00;46.92663853;6.288297184;3.407205089
2020-03-30 04:40:00+00:00;-9.81471665;-10.51415089;3.425716489
2020-03-30 04:50:00+00:00;354.0643465;67.13249406;5.311088053
2020-03-30 05:00:00+00:00;370.7783842;75.75485947;5.106389326
2020-03-30 05:10:00+00:00;628.71328;130.4427477;6.160438733
2020-03-30 05:20:00+00:00;585.1276847;116.2966819;5.808731447
2020-03-30 05:30:00+00:00;328.8608661;70.01648372;4.865322078
2020-03-30 05:40:00+00:00;514.6681311;100.3944014;5.343215516
2020-03-30 05:50:00+00:00;452.9903819;93.26953328;5.26441095
2020-03-30 06:00:00+00:00;510.1842969;103.9024104;5.362936695
2020-03-30 06:10:00+00:00;425.1484869;90.03324106;5.187377639
2020-03-30 06:20:00+00:00;83.07929913;4.219263722;4.75336655
2020-03-30 06:30:00+00:00;951.1875918;183.5549705;6.500557568
2020-03-30 06:40:00+00:00;1042.225107;215.7128775;7.026794178
2020-03-30 06:50:00+00:00;917.5559172;188.0614618;7.119033017
2020-03-30 07:00:00+00:00;1235.828394;253.4365868;7.800373368
2020-03-30 07:10:00+00:00;1014.956236;200.6317772;7.157449639
2020-03-30 07:20:00+00:00;1345.334523;274.5383355;7.47422953
2020-03-30 07:30:00+00:00;1419.259283;282.2856372;8.059721689
2020-03-30 07:40:00+00:00;1209.124326;245.3850197;7.454015389
2020-03-30 07:50:00+00:00;1161.547579;238.0632772;7.389533028
2020-03-30 08:00:00+00:00;1693.0123;342.0212753;8.718683763
2020-03-30 08:10:00+00:00;1216.640411;239.5030821;7.124030969
2020-03-30 08:20:00+00:00;1193.877222;241.1811705;7.809625826
2020-03-30 08:30:00+00:00;1373.609383;281.4881856;8.359382739
2020-03-30 08:40:00+00:00;1325.275696;269.95586;7.914841747
2020-03-30 08:50:00+00:00;1043.328365;213.2034941;7.460778589
2020-03-30 09:00:00+00:00;1348.000917;274.5557078;7.619649578
2020-03-30 09:10:00+00:00;1310.005331;264.0691233;8.138966172
2020-03-30 09:20:00+00:00;1013.149369;207.2140678;7.050877444
2020-03-30 09:30:00+00:00;1288.807531;265.3218422;7.441366383
2020-03-30 09:40:00+00:00;1138.762426;232.3079853;7.340247142
2020-03-30 09:50:00+00:00;1231.121387;251.4773763;7.842810126
2020-03-30 10:00:00+00:00;910.4100389;188.0746183;6.965494122
2020-03-30 10:10:00+00:00;1163.27433;232.653425;7.695278468
2020-03-30 10:20:00+00:00;815.4092224;167.4830185;6.483982176
2020-03-30 10:30:00+00:00;870.531287;177.4080263;6.86743475
2020-03-30 10:40:00+00:00;977.3946933;200.2725042;6.962088672
2020-03-30 10:50:00+00:00;985.8321618;201.5207894;7.077782135
2020-03-30 11:00:00+00:00;1007.981073;206.9374387;7.431566417
2020-03-30 11:10:00+00:00;991.0834744;199.2681332;7.112333006
2020-03-30 11:20:00+00:00;1210.980275;247.6223805;7.519389011
2020-03-30 11:30:00+00:00;1071.365504;218.591515;7.178060756
2020-03-30 11:40:00+00:00;1151.667588;226.0334852;7.121205211
2020-03-30 11:50:00+00:00;953.0629367;198.2784025;7.079794111
2020-03-30 12:00:00+00:00;912.9420268;181.4642076;7.067341768
2020-03-30 12:10:00+00:00;1094.702422;217.5267956;7.342205311
2020-03-30 12:20:00+00:00;1402.717584;275.6687937;8.019425953
2020-03-30 12:30:00+00:00;1560.829617;80.24671853;8.508899374
2020-03-30 12:40:00+00:00;1539.501747;66.58965711;8.6250626
2020-03-30 12:50:00+00:00;1451.2396;50.20724167;8.191849478
2020-03-30 13:00:00+00:00;1319.444777;116.8465576;8.139189079
2020-03-30 13:10:00+00:00;1159.935235;204.1747018;7.405623306
2020-03-30 13:20:00+00:00;1192.578514;236.1047811;7.7023102
2020-03-30 13:30:00+00:00;1004.249248;192.5242628;7.338410889
2020-03-30 13:40:00+00:00;1195.217292;210.5519937;7.606583905
2020-03-30 13:50:00+00:00;1263.166161;167.6586069;7.569066144
2020-03-30 14:00:00+00:00;1269.681613;108.3946125;8.086146789
2020-03-30 14:10:00+00:00;965.5205761;144.9978123;7.407994172
2020-03-30 14:20:00+00:00;752.0759347;147.9468411;6.527647221
2020-03-30 14:30:00+00:00;1041.208241;146.7465156;7.3963497
2020-03-30 14:40:00+00:00;1427.363935;79.57738365;8.137709475
2020-03-30 14:50:00+00:00;1343.317178;85.54324044;7.943894061
2020-03-30 15:00:00+00:00;1261.073311;134.6471567;7.758966344
2020-03-30 15:10:00+00:00;1157.24363;124.932163;7.348123341
2020-03-30 15:20:00+00:00;1263.677747;94.27451744;7.486627556
2020-03-30 15:30:00+00:00;1517.394289;275.8087305;8.236894305
2020-03-30 15:40:00+00:00;1693.789889;343.4061028;9.185427089
2020-03-30 15:50:00+00:00;1714.865347;347.7876153;8.508151974
2020-03-30 16:00:00+00:00;1714.909529;349.0782406;8.415428988
2020-03-30 16:10:00+00:00;1719.238516;347.6104068;8.740099432
2020-03-30 16:20:00+00:00;1719.449717;348.6308856;9.611082583
2020-03-30 16:30:00+00:00;1721.259647;348.8211032;9.339741237
2020-03-30 16:40:00+00:00;1702.947553;345.2472;9.091157226
2020-03-30 16:50:00+00:00;1477.510144;301.9622678;8.317894044
2020-03-30 17:00:00+00:00;1492.970158;303.4395868;7.568062916
2020-03-30 17:10:00+00:00;1616.338839;327.6765983;8.322655022
2020-03-30 17:20:00+00:00;1683.305263;341.6360737;9.147825674
2020-03-30 17:30:00+00:00;1522.510067;309.1185472;8.391354906
2020-03-30 17:40:00+00:00;827.8392094;170.0051011;7.0052553
2020-03-30 17:50:00+00:00;688.9828433;140.2050578;6.797622083
2020-03-30 18:00:00+00:00;938.2181253;191.5731365;7.3227586
2020-03-30 18:10:00+00:00;879.8135872;181.0956089;7.033988467
2020-03-30 18:20:00+00:00;860.8147811;174.2381661;7.015044189
2020-03-30 18:30:00+00:00;961.3469728;195.0087039;7.365238733
2020-03-30 18:40:00+00:00;825.6964456;168.8525833;6.810449706
2020-03-30 18:50:00+00:00;846.3059344;173.0142956;7.072538661
2020-03-30 19:00:00+00:00;719.0501126;144.9771053;6.912978742
2020-03-30 19:10:00+00:00;896.9234661;182.36582;7.235488756
2020-03-30 19:20:00+00:00;797.1503347;161.3347979;6.976289305
2020-03-30 19:30:00+00:00;757.1249772;154.1135214;6.618910878
2020-03-30 19:40:00+00:00;744.4102026;149.5337474;6.651031263
2020-03-30 19:50:00+00:00;663.3994453;134.4772288;6.389699776
2020-03-30 20:00:00+00:00;577.4790826;117.6678183;6.203331368
2020-03-30 20:10:00+00:00;564.6530567;114.8578237;5.958072039
2020-03-30 20:20:00+00:00;569.7990167;116.553408;6.180194222
2020-03-30 20:30:00+00:00;461.9377211;93.655231;5.867366556
2020-03-30 20:40:00+00:00;434.8070105;88.34086058;5.7722104
2020-03-30 20:50:00+00:00;403.0588772;82.034465;5.684183061
2020-03-30 21:00:00+00:00;301.8340963;62.38490732;5.152047126
2020-03-30 21:10:00+00:00;188.7445574;39.00856421;4.634599805
2020-03-30 21:20:00+00:00;132.8256797;27.05157394;4.333521967
2020-03-30 21:30:00+00:00;148.1067911;29.20529505;4.458926116
2020-03-30 21:40:00+00:00;162.4448909;31.89406171;4.539217441
2020-03-30 21:50:00+00:00;124.3944202;24.7835835;4.1458776
2020-03-30 22:00:00+00:00;186.1461239;38.20707189;4.518272028
2020-03-30 22:10:00+00:00;158.5296687;32.31763442;4.273826147
2020-03-30 22:20:00+00:00;145.0274149;28.709709;3.954384047
2020-03-30 22:30:00+00:00;147.2236972;29.91046783;4.190216511
2020-03-30 22:40:00+00:00;117.706939;22.84650474;3.949294558
2020-03-30 22:50:00+00:00;99.67023741;20.12939409;3.920964524
2020-03-30 23:00:00+00:00;90.33106528;17.79288783;3.612338717
2020-03-30 23:10:00+00:00;70.04446532;13.77578522;3.53344485
2020-03-30 23:20:00+00:00;40.83347445;8.088928189;3.261231389
2020-03-30 23:30:00+00:00;20.77778972;4.355978189;3.33183875
2020-03-30 23:40:00+00:00;62.09103858;12.01807668;3.284468216
2020-03-30 23:50:00+00:00;68.66442478;14.43966928;3.475205053
